device_id,device_name,vendor,device_class,market,package_kind,release_date,shipping_status,source_tier,reference_urls,notes,transistors_million,frequency_ghz,power_w,cpu_physical_cores,gpu_compute_units,cpu_single_thread_normalized,cpu_multicore_rate2000_int_base,cpu_multicore_rate2006_int_base,cpu_multicore_rate2017_int_base,cpu_multicore_index,fp32_dense_peak_gflops
cornell-intel-4004-1971-11-01,4004,Intel,cpu,historical processor dataset,processor/package,1971-11-01,shipping,original_author_dataset,https://github.com/cornell-brg/processor-trends/blob/main/data/processor-trends.csv#L3; https://github.com/cornell-brg/processor-trends,Matched against the cleaned Cornell processor-trends source derived from and independently checked against the Stanford/Horowitz data. The original-author lineage flags pre-1990 values as performance proxies rather than true SPECint results.,0.0023,0.0007,0.45,1.0,,1.2e-05,,,,,
cornell-intel-8008-1972-04-01,8008,Intel,cpu,historical processor dataset,processor/package,1972-04-01,shipping,original_author_dataset,https://github.com/cornell-brg/processor-trends/blob/main/data/processor-trends.csv#L4; https://github.com/cornell-brg/processor-trends,Matched against the cleaned Cornell processor-trends source derived from and independently checked against the Stanford/Horowitz data. The original-author lineage flags pre-1990 values as performance proxies rather than true SPECint results.,0.0035,0.0005,0.42,1.0,,1.2e-05,,,,,
cornell-intel-8080-1974-04-01,8080,Intel,cpu,historical processor dataset,processor/package,1974-04-01,shipping,original_author_dataset,https://github.com/cornell-brg/processor-trends/blob/main/data/processor-trends.csv#L5; https://github.com/cornell-brg/processor-trends,Matched against the cleaned Cornell processor-trends source derived from and independently checked against the Stanford/Horowitz data. The original-author lineage flags pre-1990 values as performance proxies rather than true SPECint results.,0.006,0.002,0.92,1.0,,0.000149,,,,,
cornell-intel-8088-1979-06-01,8088,Intel,cpu,historical processor dataset,processor/package,1979-06-01,shipping,original_author_dataset,https://github.com/cornell-brg/processor-trends/blob/main/data/processor-trends.csv#L6; https://github.com/cornell-brg/processor-trends,Matched against the cleaned Cornell processor-trends source derived from and independently checked against the Stanford/Horowitz data. The original-author lineage flags pre-1990 values as performance proxies rather than true SPECint results.,0.029,0.005,1.7,1.0,,0.000212,,,,,
cornell-intel-286-1982-02-01,286,Intel,cpu,historical processor dataset,processor/package,1982-02-01,shipping,original_author_dataset,https://github.com/cornell-brg/processor-trends/blob/main/data/processor-trends.csv#L7; https://github.com/cornell-brg/processor-trends,Matched against the cleaned Cornell processor-trends source derived from and independently checked against the Stanford/Horowitz data. The original-author lineage flags pre-1990 values as performance proxies rather than true SPECint results.,0.134,0.006,3.0,1.0,,0.00056,,,,,
cornell-intel-386-dx-1985-10-01,386 DX,Intel,cpu,historical processor dataset,processor/package,1985-10-01,shipping,original_author_dataset,https://github.com/cornell-brg/processor-trends/blob/main/data/processor-trends.csv#L8; https://github.com/cornell-brg/processor-trends,Matched against the cleaned Cornell processor-trends source derived from and independently checked against the Stanford/Horowitz data. The original-author lineage flags pre-1990 values as performance proxies rather than true SPECint results.,0.275,0.016,1.5,1.0,,0.006851,,,,,
cornell-mips-r2000-1986-01-01,R2000,Mips,cpu,historical processor dataset,processor/package,1986-01-01,shipping,original_author_dataset,https://github.com/cornell-brg/processor-trends/blob/main/data/processor-trends.csv#L9; https://github.com/cornell-brg/processor-trends; https://digicoll.lib.berkeley.edu/record/138275/files/CSD-93-767.pdf,"Matched against the cleaned Cornell processor-trends source derived from and independently checked against the Stanford/Horowitz data. A 16.67 MHz R2000 system has a published early SPEC integer result, but no defensible conversion from that pre-SPEC92 result to the chart's normalized SPECint2006-equivalent scale was found.",0.11,0.016,3.0,1.0,,,,,,,
cornell-mips-r3000-1988-06-01,R3000,Mips,cpu,historical processor dataset,processor/package,1988-06-01,shipping,original_author_dataset,https://github.com/cornell-brg/processor-trends/blob/main/data/processor-trends.csv#L10; https://github.com/cornell-brg/processor-trends,Matched against the cleaned Cornell processor-trends source derived from and independently checked against the Stanford/Horowitz data. The original-author lineage flags pre-1990 values as performance proxies rather than true SPECint results.,0.12,0.04,4.0,1.0,,0.046875,,,,,
cornell-intel-486-dx-1989-04-01,486 DX,Intel,cpu,historical processor dataset,processor/package,1989-04-01,shipping,original_author_dataset,https://github.com/cornell-brg/processor-trends/blob/main/data/processor-trends.csv#L11; https://github.com/cornell-brg/processor-trends,Matched against the cleaned Cornell processor-trends source derived from and independently checked against the Stanford/Horowitz data. The original-author lineage flags pre-1990 values as performance proxies rather than true SPECint results.,1.2,0.025,2.75,1.0,,0.028226,,,,,
cornell-intel-486-dx-1990-05-01,486 DX,Intel,cpu,historical processor dataset,processor/package,1990-05-01,shipping,original_author_dataset,https://github.com/cornell-brg/processor-trends/blob/main/data/processor-trends.csv#L12; https://github.com/cornell-brg/processor-trends,"Matched against the cleaned Cornell processor-trends source derived from and independently checked against the Stanford/Horowitz data. Copied from the Cornell normalized-performance field, which follows the Stanford cross-suite SPECint normalization method.",1.2,0.033,3.5,1.0,,0.03125,,,,,
cornell-intel-486-dx2-1992-03-01,486 DX2,Intel,cpu,historical processor dataset,processor/package,1992-03-01,shipping,original_author_dataset,https://github.com/cornell-brg/processor-trends/blob/main/data/processor-trends.csv#L13; https://github.com/cornell-brg/processor-trends,"Matched against the cleaned Cornell processor-trends source derived from and independently checked against the Stanford/Horowitz data. Copied from the Cornell normalized-performance field, which follows the Stanford cross-suite SPECint normalization method.",1.2,0.066,5.8,1.0,,0.050235,,,,,
cornell-mips-r4000-1992-06-01,R4000,Mips,cpu,historical processor dataset,processor/package,1992-06-01,shipping,original_author_dataset,https://github.com/cornell-brg/processor-trends/blob/main/data/processor-trends.csv#L14; https://github.com/cornell-brg/processor-trends,"Matched against the cleaned Cornell processor-trends source derived from and independently checked against the Stanford/Horowitz data. Copied from the Cornell normalized-performance field, which follows the Stanford cross-suite SPECint normalization method.",1.1,0.1,15.0,1.0,,0.099126,,,,,
cornell-sun-supersparc-1992-06-01,SuperSparc,Sun,cpu,historical processor dataset,processor/package,1992-06-01,shipping,original_author_dataset,https://github.com/cornell-brg/processor-trends/blob/main/data/processor-trends.csv#L15; https://github.com/cornell-brg/processor-trends,"Matched against the cleaned Cornell processor-trends source derived from and independently checked against the Stanford/Horowitz data. Copied from the Cornell normalized-performance field, which follows the Stanford cross-suite SPECint normalization method.",3.1,0.06,14.2,1.0,,0.149529,,,,,
cornell-dec-alpha-21064-1992-10-01,Alpha 21064,DEC,cpu,historical processor dataset,processor/package,1992-10-01,shipping,original_author_dataset,https://github.com/cornell-brg/processor-trends/blob/main/data/processor-trends.csv#L16; https://github.com/cornell-brg/processor-trends,"Matched against the cleaned Cornell processor-trends source derived from and independently checked against the Stanford/Horowitz data. Copied from the Cornell normalized-performance field, which follows the Stanford cross-suite SPECint normalization method.",1.7,0.2,35.0,1.0,,0.178931,,,,,
cornell-amd-am486-1993-03-01,Am486,AMD,cpu,historical processor dataset,processor/package,1993-03-01,shipping,original_author_dataset,https://github.com/cornell-brg/processor-trends/blob/main/data/processor-trends.csv#L17; https://github.com/cornell-brg/processor-trends; https://www.cecs.uci.edu/~papers/mpr/MPR/ARTICLES/061302.pdf,Matched against the cleaned Cornell processor-trends source derived from and independently checked against the Stanford/Horowitz data. The source identifies only the Am486 family at 40 MHz. Published SPECint92 material does not identify a sufficiently specific AMD model and system configuration for a defensible assignment.,0.93,0.04,3.0,1.0,,,,,,,
cornell-intel-pentium-1993-03-01,Pentium,Intel,cpu,historical processor dataset,processor/package,1993-03-01,shipping,original_author_dataset,https://github.com/cornell-brg/processor-trends/blob/main/data/processor-trends.csv#L18; https://github.com/cornell-brg/processor-trends,"Matched against the cleaned Cornell processor-trends source derived from and independently checked against the Stanford/Horowitz data. Copied from the Cornell normalized-performance field, which follows the Stanford cross-suite SPECint normalization method.",3.1,0.066,13.0,1.0,,0.13088,,,,,
cornell-dec-alpha-21064a-1994-06-01,Alpha 21064A,DEC,cpu,historical processor dataset,processor/package,1994-06-01,shipping,original_author_dataset,https://github.com/cornell-brg/processor-trends/blob/main/data/processor-trends.csv#L20; https://github.com/cornell-brg/processor-trends,"Matched against the cleaned Cornell processor-trends source derived from and independently checked against the Stanford/Horowitz data. Copied from the Cornell normalized-performance field, which follows the Stanford cross-suite SPECint normalization method.",2.8,0.3,28.0,1.0,,0.338541,,,,,
cornell-mips-r4600-1994-06-01,R4600,Mips,cpu,historical processor dataset,processor/package,1994-06-01,shipping,original_author_dataset,https://github.com/cornell-brg/processor-trends/blob/main/data/processor-trends.csv#L19; https://github.com/cornell-brg/processor-trends,"Matched against the cleaned Cornell processor-trends source derived from and independently checked against the Stanford/Horowitz data. Copied from the Cornell normalized-performance field, which follows the Stanford cross-suite SPECint normalization method.",1.9,0.15,3.0,1.0,,0.191532,,,,,
cornell-dec-alpha-21164-1995-03-01,Alpha 21164,DEC,cpu,historical processor dataset,processor/package,1995-03-01,shipping,original_author_dataset,https://github.com/cornell-brg/processor-trends/blob/main/data/processor-trends.csv#L21; https://github.com/cornell-brg/processor-trends,"Matched against the cleaned Cornell processor-trends source derived from and independently checked against the Stanford/Horowitz data. Copied from the Cornell normalized-performance field, which follows the Stanford cross-suite SPECint normalization method.",9.67,0.3,50.0,1.0,,0.578272,,,,,
cornell-sun-supersparc-ii-1995-06-01,SuperSparc II,Sun,cpu,historical processor dataset,processor/package,1995-06-01,shipping,original_author_dataset,https://github.com/cornell-brg/processor-trends/blob/main/data/processor-trends.csv#L22; https://github.com/cornell-brg/processor-trends,"Matched against the cleaned Cornell processor-trends source derived from and independently checked against the Stanford/Horowitz data. Copied from the Cornell normalized-performance field, which follows the Stanford cross-suite SPECint normalization method.",3.1,0.09,16.0,1.0,,0.226814,,,,,
cornell-intel-pentium-pro-1995-11-01,Pentium Pro,Intel,cpu,historical processor dataset,processor/package,1995-11-01,shipping,original_author_dataset,https://github.com/cornell-brg/processor-trends/blob/main/data/processor-trends.csv#L24; https://github.com/cornell-brg/processor-trends,"Matched against the cleaned Cornell processor-trends source derived from and independently checked against the Stanford/Horowitz data. Copied from the Cornell normalized-performance field, which follows the Stanford cross-suite SPECint normalization method.",5.5,0.2,32.6,1.0,,0.551059,,,,,
cornell-sun-ultrasparc-i-1995-11-01,UltraSparc I,Sun,cpu,historical processor dataset,processor/package,1995-11-01,shipping,original_author_dataset,https://github.com/cornell-brg/processor-trends/blob/main/data/processor-trends.csv#L23; https://github.com/cornell-brg/processor-trends,"Matched against the cleaned Cornell processor-trends source derived from and independently checked against the Stanford/Horowitz data. Copied from the Cornell normalized-performance field, which follows the Stanford cross-suite SPECint normalization method.",5.2,0.2,30.0,1.0,,0.53065,,,,,
cornell-mips-r10000-1996-01-01,R10000,Mips,cpu,historical processor dataset,processor/package,1996-01-01,shipping,original_author_dataset,https://github.com/cornell-brg/processor-trends/blob/main/data/processor-trends.csv#L26; https://github.com/cornell-brg/processor-trends,"Matched against the cleaned Cornell processor-trends source derived from and independently checked against the Stanford/Horowitz data. Copied from the Cornell normalized-performance field, which follows the Stanford cross-suite SPECint normalization method.",6.8,0.2,30.0,1.0,,0.775565,,,,,
cornell-mips-r5000-1996-01-01,R5000,Mips,cpu,historical processor dataset,processor/package,1996-01-01,shipping,original_author_dataset,https://github.com/cornell-brg/processor-trends/blob/main/data/processor-trends.csv#L25; https://github.com/cornell-brg/processor-trends,"Matched against the cleaned Cornell processor-trends source derived from and independently checked against the Stanford/Horowitz data. Copied from the Cornell normalized-performance field, which follows the Stanford cross-suite SPECint normalization method.",3.6,0.2,10.0,1.0,,0.374176,,,,,
cornell-amd-k5-1996-03-01,K5,AMD,cpu,historical processor dataset,processor/package,1996-03-01,shipping,original_author_dataset,https://github.com/cornell-brg/processor-trends/blob/main/data/processor-trends.csv#L27; https://github.com/cornell-brg/processor-trends; https://www.cl.cam.ac.uk/teaching/0405/CompArch/Gwennap95-P6_Microarchitecture.pdf,"Matched against the cleaned Cornell processor-trends source derived from and independently checked against the Stanford/Horowitz data. Contemporary sources publish estimated SPECint92 targets for K5, not a verified result for the exact 90 MHz record, and no defensible cross-suite conversion was found.",4.3,0.09,11.0,1.0,,,,,,,
cornell-dec-alpha-21164a-1996-07-01,Alpha 21164A,DEC,cpu,historical processor dataset,processor/package,1996-07-01,shipping,original_author_dataset,https://github.com/cornell-brg/processor-trends/blob/main/data/processor-trends.csv#L28; https://github.com/cornell-brg/processor-trends,"Matched against the cleaned Cornell processor-trends source derived from and independently checked against the Stanford/Horowitz data. Copied from the Cornell normalized-performance field, which follows the Stanford cross-suite SPECint normalization method.",9.67,0.5,43.0,1.0,,1.02048,,,,,
cornell-sun-ultrasparc-ii-1997-01-01,UltraSparc II,Sun,cpu,historical processor dataset,processor/package,1997-01-01,shipping,original_author_dataset,https://github.com/cornell-brg/processor-trends/blob/main/data/processor-trends.csv#L29; https://github.com/cornell-brg/processor-trends,"Matched against the cleaned Cornell processor-trends source derived from and independently checked against the Stanford/Horowitz data. Copied from the Cornell normalized-performance field, which follows the Stanford cross-suite SPECint normalization method.",5.4,0.25,25.0,1.0,,0.707533,,,,,
cornell-dec-alpha-21164pc-1997-03-01,Alpha 21164PC,DEC,cpu,historical processor dataset,processor/package,1997-03-01,shipping,original_author_dataset,https://github.com/cornell-brg/processor-trends/blob/main/data/processor-trends.csv#L30; https://github.com/cornell-brg/processor-trends,"Matched against the cleaned Cornell processor-trends source derived from and independently checked against the Stanford/Horowitz data. Copied from the Cornell normalized-performance field, which follows the Stanford cross-suite SPECint normalization method.",3.5,0.533,36.0,1.0,,0.972858,,,,,
cornell-amd-k6-1997-04-01,K6,AMD,cpu,historical processor dataset,processor/package,1997-04-01,shipping,original_author_dataset,https://github.com/cornell-brg/processor-trends/blob/main/data/processor-trends.csv#L31; https://github.com/cornell-brg/processor-trends,"Matched against the cleaned Cornell processor-trends source derived from and independently checked against the Stanford/Horowitz data. Copied from the Cornell normalized-performance field, which follows the Stanford cross-suite SPECint normalization method.",8.8,0.233,17.0,1.0,,0.462618,,,,,
cornell-intel-pentium-ii-klamath-1997-05-01,Pentium II (klamath),Intel,cpu,historical processor dataset,processor/package,1997-05-01,shipping,original_author_dataset,https://github.com/cornell-brg/processor-trends/blob/main/data/processor-trends.csv#L32; https://github.com/cornell-brg/processor-trends,"Matched against the cleaned Cornell processor-trends source derived from and independently checked against the Stanford/Horowitz data. Copied from the Cornell normalized-performance field, which follows the Stanford cross-suite SPECint normalization method.",7.5,0.3,32.0,1.0,,0.795974,,,,,
cornell-dec-alpha-21264-1998-07-01,Alpha 21264,DEC,cpu,historical processor dataset,processor/package,1998-07-01,shipping,original_author_dataset,https://github.com/cornell-brg/processor-trends/blob/main/data/processor-trends.csv#L33; https://github.com/cornell-brg/processor-trends,"Matched against the cleaned Cornell processor-trends source derived from and independently checked against the Stanford/Horowitz data. Copied from the Cornell normalized-performance field, which follows the Stanford cross-suite SPECint normalization method.",15.2,0.5,91.0,1.0,,1.9904,,,,,
cornell-amd-k6-2-1998-11-01,K6-2,AMD,cpu,historical processor dataset,processor/package,1998-11-01,shipping,original_author_dataset,https://github.com/cornell-brg/processor-trends/blob/main/data/processor-trends.csv#L35; https://github.com/cornell-brg/processor-trends,"Matched against the cleaned Cornell processor-trends source derived from and independently checked against the Stanford/Horowitz data. Copied from the Cornell normalized-performance field, which follows the Stanford cross-suite SPECint normalization method.",9.3,0.4,14.0,1.0,,0.646304,,,,,
cornell-mips-r12000-1998-11-01,R12000,Mips,cpu,historical processor dataset,processor/package,1998-11-01,shipping,original_author_dataset,https://github.com/cornell-brg/processor-trends/blob/main/data/processor-trends.csv#L34; https://github.com/cornell-brg/processor-trends,"Matched against the cleaned Cornell processor-trends source derived from and independently checked against the Stanford/Horowitz data. Copied from the Cornell normalized-performance field, which follows the Stanford cross-suite SPECint normalization method.",6.9,0.3,30.0,1.0,,1.251789,,,,,
cornell-amd-k6-iii-1999-02-01,K6-III,AMD,cpu,historical processor dataset,processor/package,1999-02-01,shipping,original_author_dataset,https://github.com/cornell-brg/processor-trends/blob/main/data/processor-trends.csv#L37; https://github.com/cornell-brg/processor-trends,"Matched against the cleaned Cornell processor-trends source derived from and independently checked against the Stanford/Horowitz data. Copied from the Cornell normalized-performance field, which follows the Stanford cross-suite SPECint normalization method.",21.3,0.45,17.0,1.0,,1.04089,,,,,
cornell-intel-pentium-iii-katmai-1999-02-01,Pentium III (katmai),Intel,cpu,historical processor dataset,processor/package,1999-02-01,shipping,original_author_dataset,https://github.com/cornell-brg/processor-trends/blob/main/data/processor-trends.csv#L36; https://github.com/cornell-brg/processor-trends,"Matched against the cleaned Cornell processor-trends source derived from and independently checked against the Stanford/Horowitz data. Copied from the Cornell normalized-performance field, which follows the Stanford cross-suite SPECint normalization method.",9.5,0.5,21.0,1.0,,1.4912,,,,,
nvidia-geforce-256,NVIDIA GeForce 256,NVIDIA,gpu,client/gaming,graphics card GPU,1999-10-11,shipping,primary,https://download.nvidia.com/developer/cg/Cg_Tutorial/Chapter_1.pdf; https://blogs.nvidia.com/blog/first-gpu-gaming-ai/,The first product marketed by NVIDIA as a GPU. Its fixed-function graphics throughput is not converted into FP32 compute throughput.,23,0.12,,,,,,,,,
cornell-amd-k7-1999-11-01,K7,AMD,cpu,historical processor dataset,processor/package,1999-11-01,shipping,original_author_dataset,https://github.com/cornell-brg/processor-trends/blob/main/data/processor-trends.csv#L38; https://github.com/cornell-brg/processor-trends,"Matched against the cleaned Cornell processor-trends source derived from and independently checked against the Stanford/Horowitz data. Copied from the Cornell normalized-performance field, which follows the Stanford cross-suite SPECint normalization method.",22.0,0.75,35.0,1.0,,1.87088,,,,,
nvidia-geforce2-gts,NVIDIA GeForce2 GTS,NVIDIA,gpu,client/gaming,graphics card GPU,2000-04-26,shipping,primary,https://download.nvidia.com/developer/cg/Cg_Tutorial/Chapter_1.pdf,Early fixed-function/graphics pipeline generation; no comparable dense-FP32 value is assigned.,25,,,,,,,,,,
cornell-amd-athlon-tbird-2000-05-01,Athlon Tbird,AMD,cpu,historical processor dataset,processor/package,2000-05-01,shipping,original_author_dataset,https://github.com/cornell-brg/processor-trends/blob/main/data/processor-trends.csv#L40; https://github.com/cornell-brg/processor-trends,"Matched against the cleaned Cornell processor-trends source derived from and independently checked against the Stanford/Horowitz data. Copied from the Cornell normalized-performance field, which follows the Stanford cross-suite SPECint normalization method.",37.0,1.0,49.0,1.0,,2.6752,,,,,
cornell-intel-pentium-iii-coppermine-2000-05-01,Pentium III (coppermine),Intel,cpu,historical processor dataset,processor/package,2000-05-01,shipping,original_author_dataset,https://github.com/cornell-brg/processor-trends/blob/main/data/processor-trends.csv#L39; https://github.com/cornell-brg/processor-trends,"Matched against the cleaned Cornell processor-trends source derived from and independently checked against the Stanford/Horowitz data. Copied from the Cornell normalized-performance field, which follows the Stanford cross-suite SPECint normalization method.",28.0,1.0,20.0,1.0,,2.624,,,,,
cornell-sun-ultrasparc-iii-2000-09-01,UltraSparc III,Sun,cpu,historical processor dataset,processor/package,2000-09-01,shipping,original_author_dataset,https://github.com/cornell-brg/processor-trends/blob/main/data/processor-trends.csv#L41; https://github.com/cornell-brg/processor-trends,"Matched against the cleaned Cornell processor-trends source derived from and independently checked against the Stanford/Horowitz data. Copied from the Cornell normalized-performance field, which follows the Stanford cross-suite SPECint normalization method.",29.0,0.9,70.0,1.0,,2.9888,,,,,
cornell-intel-pentium-4-willamette-2000-11-01,Pentium 4 (willamette),Intel,cpu,historical processor dataset,processor/package,2000-11-01,shipping,original_author_dataset,https://github.com/cornell-brg/processor-trends/blob/main/data/processor-trends.csv#L42; https://github.com/cornell-brg/processor-trends,"Matched against the cleaned Cornell processor-trends source derived from and independently checked against the Stanford/Horowitz data. Copied from the Cornell normalized-performance field, which follows the Stanford cross-suite SPECint normalization method.",42.0,2.0,72.0,1.0,,3.4304,,,,,
nvidia-geforce3,NVIDIA GeForce3,NVIDIA,gpu,client/gaming,graphics card GPU,2001-02-27,shipping,primary,https://download.nvidia.com/developer/cg/Cg_Tutorial/Chapter_1.pdf,First NVIDIA programmable-shader generation; no unsupported peak-FP32 conversion is assigned.,57,,,,,,,,,,
cornell-intel-itanium-2001-05-01,Itanium,Intel,cpu,historical processor dataset,processor/package,2001-05-01,shipping,original_author_dataset,https://github.com/cornell-brg/processor-trends/blob/main/data/processor-trends.csv#L43; https://github.com/cornell-brg/processor-trends,"Matched against the cleaned Cornell processor-trends source derived from and independently checked against the Stanford/Horowitz data. Copied from the Cornell normalized-performance field, which follows the Stanford cross-suite SPECint normalization method.",25.0,0.8,98.0,1.0,,2.368,,,,,
cornell-amd-k6-2-2001-06-01,K6-2,AMD,cpu,historical processor dataset,processor/package,2001-06-01,shipping,original_author_dataset,https://github.com/cornell-brg/processor-trends/blob/main/data/processor-trends.csv#L44; https://github.com/cornell-brg/processor-trends,"Matched against the cleaned Cornell processor-trends source derived from and independently checked against the Stanford/Horowitz data. Copied from the Cornell normalized-performance field, which follows the Stanford cross-suite SPECint normalization method.",37.0,1.4,56.0,1.0,,3.5456,,,,,
ibm-power4,IBM POWER4,IBM,cpu,server,single processor chip,2001-10-01,shipping,primary,https://www.ibm.com/history/power,"IBM reports the POWER4-based Regatta launch in October 2001; day is unspecified, so the date uses the first of the month. Two physical cores on one chip.",,,,2,,,,,,,
cornell-intel-pentium-4-northwood-2002-01-01,Pentium 4 (northwood),Intel,cpu,historical processor dataset,processor/package,2002-01-01,shipping,original_author_dataset,https://github.com/cornell-brg/processor-trends/blob/main/data/processor-trends.csv#L45; https://github.com/cornell-brg/processor-trends,"Matched against the cleaned Cornell processor-trends source derived from and independently checked against the Stanford/Horowitz data. Copied from the Cornell normalized-performance field, which follows the Stanford cross-suite SPECint normalization method.",55.0,2.2,48.0,1.0,,5.1904,,,,,
nvidia-geforce4-ti,NVIDIA GeForce4 Ti,NVIDIA,gpu,client/gaming,graphics card GPU,2002-02-06,shipping,primary,https://download.nvidia.com/developer/cg/Cg_Tutorial/Chapter_1.pdf,Historical NVIDIA flagship generation; no unsupported peak-FP32 conversion is assigned.,63,,,,,,,,,,
cornell-amd-athlon-xp-tbred-2002-06-01,Athlon XP Tbred,AMD,cpu,historical processor dataset,processor/package,2002-06-01,shipping,original_author_dataset,https://github.com/cornell-brg/processor-trends/blob/main/data/processor-trends.csv#L46; https://github.com/cornell-brg/processor-trends,"Matched against the cleaned Cornell processor-trends source derived from and independently checked against the Stanford/Horowitz data. Copied from the Cornell normalized-performance field, which follows the Stanford cross-suite SPECint normalization method.",37.2,1.8,62.0,1.0,,4.7232,,,,,
cornell-intel-itanium-2-2002-07-01,Itanium 2,Intel,cpu,historical processor dataset,processor/package,2002-07-01,shipping,original_author_dataset,https://github.com/cornell-brg/processor-trends/blob/main/data/processor-trends.csv#L47; https://github.com/cornell-brg/processor-trends,"Matched against the cleaned Cornell processor-trends source derived from and independently checked against the Stanford/Horowitz data. Copied from the Cornell normalized-performance field, which follows the Stanford cross-suite SPECint normalization method.",221.0,1.0,98.0,1.0,,5.184,,,,,
cornell-dec-alpha-21364-2003-01-01,Alpha 21364,DEC,cpu,historical processor dataset,processor/package,2003-01-01,shipping,original_author_dataset,https://github.com/cornell-brg/processor-trends/blob/main/data/processor-trends.csv#L48; https://github.com/cornell-brg/processor-trends,"Matched against the cleaned Cornell processor-trends source derived from and independently checked against the Stanford/Horowitz data. Copied from the Cornell normalized-performance field, which follows the Stanford cross-suite SPECint normalization method.",152.0,1.15,155.0,1.0,,5.6128,,,,,
nvidia-geforce-fx-5800,NVIDIA GeForce FX 5800,NVIDIA,gpu,client/gaming,graphics card GPU,2003-01-27,shipping,primary,https://download.nvidia.com/developer/cg/Cg_Tutorial/Chapter_1.pdf,Historical NVIDIA DirectX 9 flagship; no unsupported peak-FP32 conversion is assigned.,125,,,,,,,,,,
cornell-amd-athlon-xp-barton-2003-02-01,Athlon XP Barton,AMD,cpu,historical processor dataset,processor/package,2003-02-01,shipping,original_author_dataset,https://github.com/cornell-brg/processor-trends/blob/main/data/processor-trends.csv#L49; https://github.com/cornell-brg/processor-trends,"Matched against the cleaned Cornell processor-trends source derived from and independently checked against the Stanford/Horowitz data. Copied from the Cornell normalized-performance field, which follows the Stanford cross-suite SPECint normalization method.",54.3,2.16,74.0,1.0,,6.368,,,,,
cornell-amd-opteron-2003-04-01,Opteron,AMD,cpu,historical processor dataset,processor/package,2003-04-01,shipping,original_author_dataset,https://github.com/cornell-brg/processor-trends/blob/main/data/processor-trends.csv#L50; https://github.com/cornell-brg/processor-trends,"Matched against the cleaned Cornell processor-trends source derived from and independently checked against the Stanford/Horowitz data. Copied from the Cornell normalized-performance field, which follows the Stanford cross-suite SPECint normalization method.",106.0,1.8,89.0,1.0,,7.488,,,,,
spec-ibm-power4-plus-2003-06,IBM POWER4+,IBM,cpu,server,one CPU chip,2003-06-01,shipping,primary,https://open.spec.org/cpu2000/results/res2003q2/cpu2000-20030527-02198.html,Release date uses the official SPEC report's hardware-availability month.,,,,2,,,15.2,,,100.0,
nvidia-geforce-6800-ultra,NVIDIA GeForce 6800 Ultra,NVIDIA,gpu,client/gaming,graphics card GPU,2004-04-14,shipping,primary,https://developer.nvidia.com/gpugems/gpugems2/part-iv-general-purpose-computation-gpus-primer/chapter-30-geforce-6-series-gpu,Headline Shader Model 3 flagship. Vendor documentation supports the chip scale and graphics clock; no cross-generation peak-FP32 conversion is assigned.,222,0.425,,,,,,,,,
cornell-amd-athlon-64-fx-55-2004-06-01,Athlon 64 FX-55,AMD,cpu,historical processor dataset,processor/package,2004-06-01,shipping,original_author_dataset,https://github.com/cornell-brg/processor-trends/blob/main/data/processor-trends.csv#L51; https://github.com/cornell-brg/processor-trends,"Matched against the cleaned Cornell processor-trends source derived from and independently checked against the Stanford/Horowitz data. Copied from the Cornell normalized-performance field, which follows the Stanford cross-suite SPECint normalization method.",106.0,2.6,89.0,1.0,,11.8656,,,,,
cornell-intel-pentium-4-prescott-2004-06-01,Pentium 4 (prescott),Intel,cpu,historical processor dataset,processor/package,2004-06-01,shipping,original_author_dataset,https://github.com/cornell-brg/processor-trends/blob/main/data/processor-trends.csv#L52; https://github.com/cornell-brg/processor-trends,"Matched against the cleaned Cornell processor-trends source derived from and independently checked against the Stanford/Horowitz data. Copied from the Cornell normalized-performance field, which follows the Stanford cross-suite SPECint normalization method.",125.0,3.6,115.0,1.0,,10.08,,,,,
cornell-ibm-power5-2004-06-01,Power5,IBM,cpu,historical processor dataset,processor/package,2004-06-01,shipping,original_author_dataset,https://github.com/cornell-brg/processor-trends/blob/main/data/processor-trends.csv#L53; https://github.com/cornell-brg/processor-trends,"Matched against the cleaned Cornell processor-trends source derived from and independently checked against the Stanford/Horowitz data. Copied from the Cornell normalized-performance field, which follows the Stanford cross-suite SPECint normalization method.",276.0,1.9,100.0,2.0,,8.9472,30.3,,,199.3421052631579,
cornell-intel-pentium-d-840-2005-05-01,Pentium D (840),Intel,cpu,historical processor dataset,processor/package,2005-05-01,shipping,original_author_dataset,https://github.com/cornell-brg/processor-trends/blob/main/data/processor-trends.csv#L54; https://github.com/cornell-brg/processor-trends,"Matched against the cleaned Cornell processor-trends source derived from and independently checked against the Stanford/Horowitz data. Copied from the Cornell normalized-performance field, which follows the Stanford cross-suite SPECint normalization method.",230.0,3.2,130.0,2.0,,9.5104,32.7,,,215.13157894736847,
cornell-amd-athlon-64-fx-57-2005-06-01,Athlon 64 FX-57,AMD,cpu,historical processor dataset,processor/package,2005-06-01,shipping,original_author_dataset,https://github.com/cornell-brg/processor-trends/blob/main/data/processor-trends.csv#L55; https://github.com/cornell-brg/processor-trends,"Matched against the cleaned Cornell processor-trends source derived from and independently checked against the Stanford/Horowitz data. Copied from the Cornell normalized-performance field, which follows the Stanford cross-suite SPECint normalization method.",114.0,2.8,85.0,1.0,,11.9168,,,,,
nvidia-geforce-7800-gtx,NVIDIA GeForce 7800 GTX,NVIDIA,gpu,client/gaming,graphics card GPU,2005-06-22,shipping,primary,https://forums.developer.nvidia.com/t/gpu-vs-cpu-comparison-over-the-last-years/13097,Headline NVIDIA flagship. Historical peak figures are retained as secondary evidence.,302,,,,,,,,,,165
cornell-sun-ultrasparc-t1-niagara-2005-07-01,UltraSparc T1 (Niagara),Sun,cpu,historical processor dataset,processor/package,2005-07-01,shipping,original_author_dataset,https://github.com/cornell-brg/processor-trends/blob/main/data/processor-trends.csv#L56; https://github.com/cornell-brg/processor-trends; https://www.oracle.com/docs/tech/2008-oct-opensparc-slide-cast-04-ds.pdf; https://www.oracle.com/servers/technologies/opensparc-t1-page.html; https://www.spec.org/cpu2006/,Matched against the cleaned Cornell processor-trends source derived from and independently checked against the Stanford/Horowitz data. No published SPEC CPU integer speed or rate result was found for the 1.2 GHz UltraSPARC T1. Other integer and web-server benchmarks are not convertible to SPECint.,300.0,1.2,72.0,8.0,,,,,,,
cornell-amd-turion-64-x2-mt-40-lancaster-2005-08-01,Turion 64 X2 MT-40 (Lancaster),AMD,cpu,historical processor dataset,processor/package,2005-08-01,shipping,original_author_dataset,https://github.com/cornell-brg/processor-trends/blob/main/data/processor-trends.csv#L57; https://github.com/cornell-brg/processor-trends; https://www.spec.org/cpu2006/results/res2007q3/cpu2006-20070723-01527.pdf; https://pc.watch.impress.co.jp/docs/article/modelno/amdold.htm,"Matched against the cleaned Cornell processor-trends source derived from and independently checked against the Stanford/Horowitz data. The source record conflicts internally: MT-40 Lancaster is a 2.2 GHz single-core part, while the row says two cores. A nearby TL-60 result cannot safely be assigned to this ambiguous identity.",114.0,2.2,25.0,2.0,,,,,,,
cornell-amd-athlon-64-5000-brisbane-2006-06-01,Athlon 64 5000+ (Brisbane),AMD,cpu,historical processor dataset,processor/package,2006-06-01,shipping,original_author_dataset,https://github.com/cornell-brg/processor-trends/blob/main/data/processor-trends.csv#L58; https://github.com/cornell-brg/processor-trends,"Matched against the cleaned Cornell processor-trends source derived from and independently checked against the Stanford/Horowitz data. Copied from the Cornell normalized-performance field, which follows the Stanford cross-suite SPECint normalization method.",154.0,2.6,65.0,2.0,,10.4,,,,,
cornell-intel-pentium-d-950-2006-06-01,Pentium D (950),Intel,cpu,historical processor dataset,processor/package,2006-06-01,shipping,original_author_dataset,https://github.com/cornell-brg/processor-trends/blob/main/data/processor-trends.csv#L59; https://github.com/cornell-brg/processor-trends,"Matched against the cleaned Cornell processor-trends source derived from and independently checked against the Stanford/Horowitz data. Copied from the Cornell normalized-performance field, which follows the Stanford cross-suite SPECint normalization method.",376.0,3.6,130.0,2.0,,11.6096,,,,,
cornell-amd-athlon-64-fx-62-windsor-2006-07-01,Athlon 64 FX-62 (Windsor),AMD,cpu,historical processor dataset,processor/package,2006-07-01,shipping,original_author_dataset,https://github.com/cornell-brg/processor-trends/blob/main/data/processor-trends.csv#L60; https://github.com/cornell-brg/processor-trends,"Matched against the cleaned Cornell processor-trends source derived from and independently checked against the Stanford/Horowitz data. Copied from the Cornell normalized-performance field, which follows the Stanford cross-suite SPECint normalization method.",243.0,2.8,125.0,2.0,,11.4,43.7,,,287.5,
cornell-intel-core-2-duo-e6700-2006-07-01,Core 2 Duo (E6700),Intel,cpu,historical processor dataset,processor/package,2006-07-01,shipping,original_author_dataset,https://github.com/cornell-brg/processor-trends/blob/main/data/processor-trends.csv#L62; https://github.com/cornell-brg/processor-trends,"Matched against the cleaned Cornell processor-trends source derived from and independently checked against the Stanford/Horowitz data. Copied from the Cornell normalized-performance field, which follows the Stanford cross-suite SPECint normalization method.",582.0,2.66,65.0,2.0,,19.8,58.7,,,386.1842105263158,
cornell-intel-core-2-ex-x6800-2006-07-01,Core 2 Ex (X6800),Intel,cpu,historical processor dataset,processor/package,2006-07-01,shipping,original_author_dataset,https://github.com/cornell-brg/processor-trends/blob/main/data/processor-trends.csv#L61; https://github.com/cornell-brg/processor-trends,"Matched against the cleaned Cornell processor-trends source derived from and independently checked against the Stanford/Horowitz data. Copied from the Cornell normalized-performance field, which follows the Stanford cross-suite SPECint normalization method.",291.0,2.8,75.0,2.0,,21.0,63.5,,,417.7631578947369,
cornell-intel-core-duo-t2700-2006-08-01,Core Duo (T2700),Intel,cpu,historical processor dataset,processor/package,2006-08-01,shipping,original_author_dataset,https://github.com/cornell-brg/processor-trends/blob/main/data/processor-trends.csv#L63; https://github.com/cornell-brg/processor-trends,"Matched against the cleaned Cornell processor-trends source derived from and independently checked against the Stanford/Horowitz data. Copied from the Cornell normalized-performance field, which follows the Stanford cross-suite SPECint normalization method.",152.0,2.33,31.0,2.0,,13.1,,,,,
nvidia-geforce-8800-gtx,NVIDIA GeForce 8800 GTX,NVIDIA,gpu,client/gaming,graphics card GPU,2006-11-08,shipping,primary,https://www.nvidia.com/content/PDF/Geforce_8800/GeForce_8800_GPU_Architecture_Technical_Brief.pdf; https://forums.developer.nvidia.com/t/gpu-vs-cpu-comparison-over-the-last-years/13097,First unified-shader GeForce generation. FP32 is NVIDIA's published raw shader peak.,681,1.35,,,,,,,,,518
cornell-intel-core-2-ex-qx6800-2007-04-01,Core 2 Ex (QX6800),Intel,cpu,historical processor dataset,processor/package,2007-04-01,shipping,original_author_dataset,https://github.com/cornell-brg/processor-trends/blob/main/data/processor-trends.csv#L64; https://github.com/cornell-brg/processor-trends; https://www.intel.com/pressroom/archive/releases/2007/20070409comp.htm; https://www.intel.com/pressroom/kits/quickreffam.htm,"Matched against the cleaned Cornell processor-trends source derived from and independently checked against the Stanford/Horowitz data. Copied from the Cornell normalized-performance field, which follows the Stanford cross-suite SPECint normalization method.",582.0,2.93,130.0,4.0,,22.1,,56.2,,741.1697247706422,
cornell-ibm-cell-2007-05-05,Cell,IBM,cpu,historical processor dataset,processor/package,2007-05-01,shipping,original_author_dataset,https://github.com/cornell-brg/processor-trends/blob/main/data/processor-trends.csv#L65; https://github.com/cornell-brg/processor-trends; https://www.spec.org/cpu2006/,"Matched against the cleaned Cornell processor-trends source derived from and independently checked against the Stanford/Horowitz data. Cell combines one control-oriented PPE with eight specialized SPEs. No official SPECint result for this heterogeneous configuration was found, and its floating-point throughput is not convertible to SPECint.",234.0,4.0,100.0,9.0,,,,,,,
cornell-ibm-power6-2007-05-01,Power6,IBM,cpu,historical processor dataset,processor/package,2007-05-01,shipping,original_author_dataset,https://github.com/cornell-brg/processor-trends/blob/main/data/processor-trends.csv#L66; https://github.com/cornell-brg/processor-trends; https://research.ibm.com/publications/ibm-power6-microprocessor-physical-design-and-design-methodology; https://public.dhe.ibm.com/solutions/DFO_IBM_Presentation/DFO-IBM-Power6.pdf,"Matched against the cleaned Cornell processor-trends source derived from and independently checked against the Stanford/Horowitz data. Copied from the Cornell normalized-performance field, which follows the Stanford cross-suite SPECint normalization method.",790.0,4.7,100.0,2.0,,17.8,,,,,
nvidia-geforce-8800-ultra,NVIDIA GeForce 8800 Ultra,NVIDIA,gpu,client/gaming,graphics card GPU,2007-05-02,shipping,primary,https://forums.developer.nvidia.com/t/gpu-vs-cpu-comparison-over-the-last-years/13097,Fastest GeForce 8 flagship in the curated 2007 set; historical peak figures are secondary evidence.,681,,,,,,,,,,576
cornell-amd-turion-64-x2-tl-60-tyler-2007-06-01,Turion 64 X2 TL-60 (Tyler),AMD,cpu,historical processor dataset,processor/package,2007-06-01,shipping,original_author_dataset,https://github.com/cornell-brg/processor-trends/blob/main/data/processor-trends.csv#L67; https://github.com/cornell-brg/processor-trends,"Matched against the cleaned Cornell processor-trends source derived from and independently checked against the Stanford/Horowitz data. Copied from the Cornell normalized-performance field, which follows the Stanford cross-suite SPECint normalization method.",114.0,2.0,31.0,2.0,,7.7,,,,,
cornell-sun-ultrasparc-t2-niagara-2-2007-07-01,UltraSparc T2 (Niagara 2),Sun,cpu,historical processor dataset,processor/package,2007-07-01,shipping,original_author_dataset,https://github.com/cornell-brg/processor-trends/blob/main/data/processor-trends.csv#L68; https://github.com/cornell-brg/processor-trends; https://www.oracle.com/docs/tech/systems/02-t2-a-sscc2007.pdf; https://www.oracle.com/servers/technologies/opensparc-t2-page.html; https://www.spec.org/cpu2006/results/res2007q4/cpu2006-20071009-02247.html,"Matched against the cleaned Cornell processor-trends source derived from and independently checked against the Stanford/Horowitz data. Estimated as 78.5 / 8 physical cores = 9.8125 for the matching 1.417 GHz UltraSPARC T2 system. This is a per-core throughput proxy, not a submitted SPECint2006 speed result.",503.0,1.4,84.0,8.0,,9.8,,73.0,,962.7293577981652,
cornell-amd-opteron-8350-2007-09-01,Opteron 8350,AMD,cpu,historical processor dataset,processor/package,2007-09-01,shipping,original_author_dataset,https://github.com/cornell-brg/processor-trends/blob/main/data/processor-trends.csv#L70; https://github.com/cornell-brg/processor-trends,"Matched against the cleaned Cornell processor-trends source derived from and independently checked against the Stanford/Horowitz data. Copied from the Cornell normalized-performance field, which follows the Stanford cross-suite SPECint normalization method.",463.0,2.0,75.0,4.0,,11.2,,,,,
cornell-amd-phenom-9600-2007-09-01,Phenom 9600,AMD,cpu,historical processor dataset,processor/package,2007-09-01,shipping,original_author_dataset,https://github.com/cornell-brg/processor-trends/blob/main/data/processor-trends.csv#L69; https://github.com/cornell-brg/processor-trends; https://ir.amd.com/news-events/press-releases/detail/272/amd-introduces-worlds-first-comprehensive-cutting-edge-pc-platform; https://www.spec.org/cpu2006/results/res2008q2/cpu2006-20080317-03767.pdf,Matched against the cleaned Cornell processor-trends source derived from and independently checked against the Stanford/Horowitz data. No official Phenom 9600 submission was found. The value uses an official 2.3 GHz AMD Opteron 2356 result from the same K10/Barcelona generation as a system-level proxy.,450.0,2.3,95.0,4.0,,14.8,,,,,
amd-firestream-9170,AMD FireStream 9170,AMD,gpu,datacenter/HPC,PCIe accelerator,2008-01-01,shipping,primary,https://ir.amd.com/news-events/press-releases/detail/271/amd-delivers-first-stream-processor-with-double-precision-floating-point-technology,First AMD stream processor with double precision; shipping quarter is known but exact day is not.,,,149,,,,,,,,500
cornell-intel-core-2-duo-e8400-2008-01-01,Core 2 Duo (E8400),Intel,cpu,historical processor dataset,processor/package,2008-01-01,shipping,original_author_dataset,https://github.com/cornell-brg/processor-trends/blob/main/data/processor-trends.csv#L71; https://github.com/cornell-brg/processor-trends; https://www.intel.com/pressroom/kits/quickreffam.htm; https://www.intel.com/content/www/us/en/content-details/841070/intel-core-2-duo-processor-e8000-and-e7000-series-and-intel-pentium-dual-core-processor-e5000-series-thermal-and-mechanical-design-guidelines.html,"Matched against the cleaned Cornell processor-trends source derived from and independently checked against the Stanford/Horowitz data. Copied from the Cornell normalized-performance field, which follows the Stanford cross-suite SPECint normalization method.",410.0,3.0,65.0,2.0,,23.5,,,,,
nvidia-geforce-gtx-280,NVIDIA GeForce GTX 280,NVIDIA,gpu,client/gaming,graphics card GPU,2008-06-16,shipping,primary,https://www.nvidia.com/docs/io/55506/geforce_gtx_200_gpu_technical_brief.pdf,Headline GT200 GeForce flagship; FP32 is NVIDIA's published raw peak.,1400,1.296,,,,,,,,,933
cornell-amd-phenom-x3-8850-2008-10-01,Phenom X3 8850,AMD,cpu,historical processor dataset,processor/package,2008-10-01,shipping,original_author_dataset,https://github.com/cornell-brg/processor-trends/blob/main/data/processor-trends.csv#L72; https://github.com/cornell-brg/processor-trends; https://www.spec.org/cpu2006/results/res2008q2/cpu2006-20080519-04352.pdf,Matched against the cleaned Cornell processor-trends source derived from and independently checked against the Stanford/Horowitz data. No official Phenom X3 8850 submission was found. The value uses an official 2.5 GHz AMD Opteron 2360 SE result from the same K10 generation as a system-level proxy.,450.0,2.5,95.0,3.0,,15.2,,,,,
cornell-intel-core-i7-965-2008-11-01,Core i7-965,Intel,cpu,historical processor dataset,processor/package,2008-11-01,shipping,original_author_dataset,https://github.com/cornell-brg/processor-trends/blob/main/data/processor-trends.csv#L73; https://github.com/cornell-brg/processor-trends; https://www.intel.com/pressroom/archive/releases/2008/20081117comp_sm.htm; https://www.intel.com/pressroom/kits/quickreffam.htm,"Matched against the cleaned Cornell processor-trends source derived from and independently checked against the Stanford/Horowitz data. Copied from the Cornell normalized-performance field, which follows the Stanford cross-suite SPECint normalization method.",781.0,3.2,130.0,4.0,,33.6,,117,,1543.0045871559635,
inline-xeon-w5580-2009-03,Xeon W5580,Intel,cpu,historical processor dataset,processor/package,2009-03-01,shipping,inline_name_plus_official_benchmark,https://github.com/karlrupp/microprocessor-trend-data/blob/master/50yrs/specint.dat#L52; https://www.spec.org/cpu2006/results/res2009q2/cpu2006-20090330-06862.pdf,Processor identity is embedded in specint.dat and checked against an official SPEC result.,,,,4,,36.7,,,,,
cornell-intel-dunnington-x7460-2009-04-01,Dunnington (X7460),Intel,cpu,historical processor dataset,processor/package,2009-04-01,shipping,original_author_dataset,https://github.com/cornell-brg/processor-trends/blob/main/data/processor-trends.csv#L76; https://github.com/cornell-brg/processor-trends; https://www.intel.com/pressroom/kits/quickreffam.htm; https://www.intel.com/pressroom/archive/releases/2008/20080819comp.htm; https://www.spec.org/cpu2006/results/res2008q4/cpu2006-20080915-05342.pdf,Matched against the cleaned Cornell processor-trends source derived from and independently checked against the Stanford/Horowitz data. Official SPEC CPU2006 integer speed result for the exact Intel Xeon X7460 at 2.66 GHz.,1900.0,2.66,130.0,6.0,,25.0,,,,,
cornell-intel-gainestown-w5580-2009-04-01,Gainestown (W5580),Intel,cpu,historical processor dataset,processor/package,2009-04-01,shipping,original_author_dataset,https://github.com/cornell-brg/processor-trends/blob/main/data/processor-trends.csv#L77; https://github.com/cornell-brg/processor-trends; https://www.intel.com/content/dam/www/public/us/en/documents/datasheets/xeon-5500-vol-1-datasheet.pdf; https://www.spec.org/cpu2006/results/res2009q2/cpu2006-20090330-06862.pdf,Matched against the cleaned Cornell processor-trends source derived from and independently checked against the Stanford/Horowitz data. Official SPEC CPU2006 integer speed result for the exact Intel Xeon W5580 at 3.20 GHz.,2300.0,3.2,130.0,8.0,,36.7,,,,,
inline-opteron-2435-2009-06,Opteron 2435,AMD,cpu,historical processor dataset,processor/package,2009-06-01,shipping,inline_name_plus_official_benchmark,https://github.com/karlrupp/microprocessor-trend-data/blob/master/50yrs/specint.dat#L53; https://www.spec.org/cpu2006/results/res2009q2/cpu2006-20090608-07830.html,Processor identity is embedded in specint.dat and checked against an official SPEC result.,,,,6,,21.1,,82.0,,1081.4220183486239,
inline-xeon-w5590-2009-08,Xeon W5590,Intel,cpu,historical processor dataset,processor/package,2009-08-01,shipping,inline_name_plus_official_benchmark,https://github.com/karlrupp/microprocessor-trend-data/blob/master/50yrs/specint.dat#L54; https://www.spec.org/cpu2006/results/res2009q4/cpu2006-20090924-08646.pdf,Processor identity is embedded in specint.dat and checked against an official SPEC result.,,,,4,,37.7,,,,,
cornell-sun-rock-2009-09-01,Rock,Sun,cpu,historical processor dataset,processor/package,2009-09-01,shipping,original_author_dataset,https://github.com/cornell-brg/processor-trends/blob/main/data/processor-trends.csv#L79; https://github.com/cornell-brg/processor-trends,Matched against the cleaned Cornell processor-trends source derived from and independently checked against the Stanford/Horowitz data. Rock was cancelled before commercial release. No validated production-system SPECint result exists for a defensible assignment.,410.0,2.3,,16.0,,,,,,,
cornell-intel-i7-860-2009-09-01,i7-860,Intel,cpu,historical processor dataset,processor/package,2009-09-01,shipping,original_author_dataset,https://github.com/cornell-brg/processor-trends/blob/main/data/processor-trends.csv#L80; https://github.com/cornell-brg/processor-trends,"Matched against the cleaned Cornell processor-trends source derived from and independently checked against the Stanford/Horowitz data. Copied from the Cornell normalized-performance field, which follows the Stanford cross-suite SPECint normalization method.",774.0,2.8,95.0,4.0,,37.9,,,,,
amd-radeon-hd-5870,AMD Radeon HD 5870,AMD,gpu,client/gaming,graphics card GPU,2009-09-23,shipping,primary,https://forums.developer.nvidia.com/t/gpu-vs-cpu-comparison-over-the-last-years/13097,Headline first-generation DirectX 11 Radeon. Historical specifications are secondary evidence pending recovery of AMD's archived product brief.,2150,,,,,,,,,,2720
inline-xeon-x5680-2010-03,Xeon X5680,Intel,cpu,historical processor dataset,processor/package,2010-03-01,shipping,inline_name_plus_official_benchmark,https://github.com/karlrupp/microprocessor-trend-data/blob/master/50yrs/specint.dat#L55; https://www.spec.org/cpu2006/results/res2010q3/cpu2006-20100705-12175.pdf,Processor identity is embedded in specint.dat and checked against an official SPEC result.,,,,6,,42.0,,181,,2387.0412844036696,
inline-opteron-4184-2010-11,Opteron 4184,AMD,cpu,historical processor dataset,processor/package,2010-11-01,shipping,inline_name_plus_official_benchmark,https://github.com/karlrupp/microprocessor-trend-data/blob/master/50yrs/specint.dat#L56; https://www.spec.org/cpu2006/results/res2011q1/cpu2006-20110110-14087.pdf,Processor identity is embedded in specint.dat and checked against an official SPEC result.,,,,6,,25.8,,,,,
newdata-xeon-x5690-2011-02,Xeon X5690,Intel,cpu,historical processor dataset,processor/package,2011-02-01,shipping,repository_source,https://github.com/karlrupp/microprocessor-trend-data/blob/master/newdata.txt#L12; https://www.spec.org/cpu2006/results/; http://www.anandtech.com/show/5553/the-xeon-e52600-dual-sandybridge-for-servers/2,http://www.anandtech.com/show/5553/the-xeon-e52600-dual-sandybridge-for-servers/2,1170.0,3.47,130.0,6,,46.7,,215,,2835.435779816514,
newdata-xeon-e7-8870-2011-04,Xeon E7-8870,Intel,cpu,historical processor dataset,processor/package,2011-04-01,shipping,repository_source,https://github.com/karlrupp/microprocessor-trend-data/blob/master/newdata.txt#L13; https://www.spec.org/cpu2006/results/,,2600.0,2.4,130.0,10,,39.4,,,,,
newdata-opteron-4284-2011-11,Opteron 4284,AMD,cpu,historical processor dataset,processor/package,2011-11-01,shipping,repository_source,https://github.com/karlrupp/microprocessor-trend-data/blob/master/newdata.txt#L14; https://www.spec.org/cpu2006/results/,,1200.0,3.0,95.0,8,,33.6,,,,,
amd-radeon-hd-7970,AMD Radeon HD 7970,AMD,gpu,client/gaming,graphics card GPU,2012-01-09,shipping,primary,https://ir.amd.com/news-events/press-releases/detail/201/amd-launches-worlds-fastest-single-gpu-graphics-card----the-amd-radeontm-hd-7970,First Graphics Core Next flagship and first 28 nm graphics card; retail availability date is used.,,,,,,,,,,,3789
newdata-opteron-6284se-2012-05,Opteron 6284SE,AMD,cpu,historical processor dataset,processor/package,2012-05-01,shipping,repository_source,https://github.com/karlrupp/microprocessor-trend-data/blob/master/newdata.txt#L15; https://www.spec.org/cpu2006/results/,,2400.0,3.1,140.0,16,,31.8,,,,,
newdata-xeon-e5-2690-2012-05,Xeon E5-2690,Intel,cpu,historical processor dataset,processor/package,2012-05-01,shipping,repository_source,https://github.com/karlrupp/microprocessor-trend-data/blob/master/newdata.txt#L16; https://www.spec.org/cpu2006/results/; http://www.anandtech.com/show/5553/the-xeon-e52600-dual-sandybridge-for-servers/2,http://www.anandtech.com/show/5553/the-xeon-e52600-dual-sandybridge-for-servers/2,2300.0,2.9,130.0,8,,59.0,,343,,4523.5091743119265,
newdata-power7-780-2012-08,Power7+ 780,IBM,cpu,historical processor dataset,processor/package,2012-08-01,shipping,repository_source,https://github.com/karlrupp/microprocessor-trend-data/blob/master/newdata.txt#L17; http://arstechnica.com/civis/viewtopic.php?f=8&t=40992; https://spec.org/cpu2006/results/res2012q4/cpu2006-20121002-24655.pdf,"TDP: http://arstechnica.com/civis/viewtopic.php?f=8&t=40992 Estimated as 4140 / 128 physical cores = 32.34375. This is a per-core throughput proxy, not a submitted SPECint2006 speed result.",2100.0,3.7,200.0,8,,32.3,,,,,
newdata-opteron-6380-2012-11,Opteron 6380,AMD,cpu,historical processor dataset,processor/package,2012-11-01,shipping,repository_source,https://github.com/karlrupp/microprocessor-trend-data/blob/master/newdata.txt#L18; https://www.spec.org/cpu2006/results/,,1200.0,2.5,115.0,16,,33.7,,246,,3244.266055045872,
newdata-xeon-phi-2013-05,Xeon Phi,Intel,cpu,historical processor dataset,processor/package,2013-05-01,shipping,repository_source,https://github.com/karlrupp/microprocessor-trend-data/blob/master/newdata.txt#L19,"The repository names only the Xeon Phi family, not a unique model. No defensible single-thread SPECint value was assigned.",5000.0,1.2,300.0,60,,,,,,,
newdata-xeon-e5-2697v2-2013-09,Xeon E5-2697v2,Intel,cpu,historical processor dataset,processor/package,2013-09-01,shipping,repository_source,https://github.com/karlrupp/microprocessor-trend-data/blob/master/newdata.txt#L20; https://www.spec.org/cpu2006/results/; http://wccftech.com/intel-announces-ivy-bridge-ep-xeon/,http://wccftech.com/intel-announces-ivy-bridge-ep-xeon/,4300.0,2.7,130.0,12,,59.6,,466,,6145.642201834863,
amd-radeon-r9-290x,AMD Radeon R9 290X,AMD,gpu,client/gaming,graphics card GPU,2013-10-24,shipping,primary,https://ir.amd.com/news-events/press-releases/detail/452/amd-radeon-r9-290x-graphics-card-pioneers-a-new-era-in-gaming-experience,Headline Hawaii-generation Radeon flagship.,,1.0,250,,,,,,,,5600
newdata-xeon-e7-4890v2-2014-02,Xeon E7-4890v2,Intel,cpu,historical processor dataset,processor/package,2014-02-01,shipping,repository_source,https://github.com/karlrupp/microprocessor-trend-data/blob/master/newdata.txt#L21; https://www.spec.org/cpu2006/results/,,4300.0,2.8,155.0,15,,59.9,,,,,
newdata-power8-s814-2014-06,Power8 S814,IBM,cpu,historical processor dataset,processor/package,2014-06-01,shipping,repository_source,https://github.com/karlrupp/microprocessor-trend-data/blob/master/newdata.txt#L22; https://www.spec.org/cpu2006/results/res2015q2/cpu2006-20150513-36365.pdf,"TDP taken from Power7+ Estimated as 261 / 4 physical cores = 65.25. This is a per-core throughput proxy from the matching S814 system, not a submitted SPECint2006 speed result.",4200.0,3.7,200.0,8,,65.3,,,,,
newdata-xeon-e5-2667v3-2014-09,Xeon E5-2667v3,Intel,cpu,historical processor dataset,processor/package,2014-09-01,shipping,repository_source,https://github.com/karlrupp/microprocessor-trend-data/blob/master/newdata.txt#L23; https://www.spec.org/cpu2006/results/,,2600.0,3.2,135.0,8,,66.4,,,,,
newdata-xeon-e5-2690v3-2014-09,Xeon E5-2690v3,Intel,cpu,historical processor dataset,processor/package,2014-09-01,shipping,repository_source,https://github.com/karlrupp/microprocessor-trend-data/blob/master/newdata.txt#L24; https://www.spec.org/cpu2006/results/,,3800.0,2.6,135.0,12,,65.4,,,,,
newdata-xeon-e5-2699v3-2014-09,Xeon E5-2699v3,Intel,cpu,historical processor dataset,processor/package,2014-09-01,shipping,repository_source,https://github.com/karlrupp/microprocessor-trend-data/blob/master/newdata.txt#L25; https://www.spec.org/cpu2006/results/; https://www.intel.com/content/www/us/en/products/sku/81061/intel-xeon-processor-e52699-v3-45m-cache-2-30-ghz/specifications.html,,5700.0,2.3,145.0,18,,66.1,,655,,8638.188073394496,
nvidia-geforce-gtx-980,NVIDIA GeForce GTX 980,NVIDIA,gpu,client/gaming,graphics card GPU,2014-09-18,shipping,primary,https://developer.nvidia.com/blog/?p=3669; https://www.nvidia.com/en-gb/geforce/900-series/,Headline first high-end Maxwell GeForce flagship.,5200,1.126,165,,,,,,,,4612
nvidia-geforce-gtx-980-ti,NVIDIA GeForce GTX 980 Ti,NVIDIA,gpu,client/gaming,graphics card GPU,2015-06-01,shipping,primary,https://www.nvidia.com/en-gb/geforce/900-series/,NVIDIA identifies this as its 2015 Maxwell gaming flagship.,,1.0,250,,,,,,,,5632
spec-ibm-power8-10-core-2015-10,IBM POWER8 (10-core configuration),IBM,cpu,server,one CPU chip,2015-10-01,shipping,primary,https://www.spec.org/cpu2006/results/res2015q4/cpu2006-20151103-37953.html,Release date uses the official SPEC report's hardware-availability month.,,,,10,,,,482,,6356.6513761467895,
nvidia-tesla-m40,NVIDIA Tesla M40,NVIDIA,gpu,datacenter/HPC,PCIe accelerator,2015-11-10,shipping,primary,https://images.nvidia.com/content/tesla/pdf/nvidia-teslam40-datasheet.pdf; https://developer.nvidia.com/blog/?p=6535,Headline Maxwell datacenter accelerator.,,,250,,,,,,,,7000
newdata-xeon-e5-2699v4-2016-04,Xeon E5-2699v4,Intel,cpu,historical processor dataset,processor/package,2016-04-01,shipping,repository_source,https://github.com/karlrupp/microprocessor-trend-data/blob/master/newdata.txt#L26; https://www.spec.org/cpu2006/results/,,7200.0,2.2,145.0,22,,73.9,,860,,11341.743119266055,
nvidia-tesla-p100-sxm2,NVIDIA Tesla P100 SXM2,NVIDIA,gpu,datacenter/HPC,SXM accelerator,2016-06-01,shipping,primary,https://images.nvidia.com/content/tesla/pdf/nvidia-tesla-p100-datasheet.pdf; https://developer.nvidia.com/blog/?p=6535,Headline Pascal HPC accelerator; FP32 uses the published GPU Boost peak.,,,300,,,,,,,,10600
newdata-xeon-phi-7290-2016-06,Xeon Phi 7290,Intel,cpu,historical processor dataset,processor/package,2016-06-01,shipping,repository_source,https://github.com/karlrupp/microprocessor-trend-data/blob/master/newdata.txt#L27; https://www.spec.org/cpu2006/results/res2017q1/cpu2006-20170220-46664.pdf,Estimated as 1220 / 72 physical cores = 16.944. This is a per-core throughput proxy and is sensitive to the four hardware threads used per core.,,1.5,245.0,72,,16.9,,,,,
newdata-power8-2016-08,Power8,IBM,cpu,historical processor dataset,processor/package,2016-08-01,shipping,repository_source,https://github.com/karlrupp/microprocessor-trend-data/blob/master/newdata.txt#L28; https://spec.org/cpu2006/results/res2015q2/cpu2006-20150427-35966.html,"Freq. approximate, TDP unknown The generic 4.0 GHz POWER8 entry is matched to the 4.0 GHz Power E880 result and estimated as 14400 / 192 physical cores = 75.0.",8000.0,4.0,,12,,75.0,,,,,
newdata-epyc-7601-2017-06,Epyc 7601,AMD,cpu,historical processor dataset,processor/package,2017-06-01,shipping,repository_source,https://github.com/karlrupp/microprocessor-trend-data/blob/master/newdata.txt#L29; https://spec.org/cpu2017/results/res2018q4/cpu2017-20181126-09823.html,Converted from the official SPECspeed2017_int peak score using the repository's documented 9.0 cross-suite factor: 7.33 x 9 = 65.97.,19200.0,2.2,180.0,32,,66.0,,,135,14257.960700222024,
nvidia-tesla-v100-sxm2,NVIDIA Tesla V100 SXM2,NVIDIA,gpu,datacenter/HPC,SXM accelerator,2017-06-21,shipping,primary,https://www.nvidia.com/en-gb/deep-learning-ai/solutions/inference-platform/hpc/,,,,300,,80,,,,,,15700
newdata-xeon-gold-6152-2017-07,Xeon Gold 6152,Intel,cpu,historical processor dataset,processor/package,2017-07-01,shipping,repository_source,https://github.com/karlrupp/microprocessor-trend-data/blob/master/newdata.txt#L30; https://www.spec.org/cpu2017/results/,The repository converts SPEC CPU2017 integer speed to its SPECint2006-equivalent scale with a factor of 9.0.,,2.1,140.0,22,,77.9,,,,,
newdata-xeon-pl-8180-2017-07,Xeon Pl. 8180,Intel,cpu,historical processor dataset,processor/package,2017-07-01,shipping,repository_source,https://github.com/karlrupp/microprocessor-trend-data/blob/master/newdata.txt#L31; https://www.spec.org/cpu2017/results/,SpecInt 2017: 9.31 The repository converts SPEC CPU2017 integer speed to its SPECint2006-equivalent scale with a factor of 9.0.,,2.5,205.0,28,,83.6,,,141,14891.647842454113,
newdata-power9-ac922-2018-04,Power9 AC922,IBM,cpu,historical processor dataset,processor/package,2018-04-01,shipping,repository_source,https://github.com/karlrupp/microprocessor-trend-data/blob/master/newdata.txt#L32; https://spec.org/cpu2017/results/res2018q2/cpu2017-20180318-04004.html,TDP taken from comparable Power9 processors No AC922 integer speed submission was found. Estimated from the same-frequency POWER9 S924 result: (277 / 24 physical cores) x 9 = 103.875.,8000.0,3.4,190.0,22,,103.9,,,,,
newdata-quadro-gv100-2018-05,Quadro GV100,NVIDIA,gpu,historical processor dataset,processor/package,2018-05-01,shipping,repository_source,https://github.com/karlrupp/microprocessor-trend-data/blob/master/newdata.txt#L33,GPU; 80 SMs Not applicable: GPU floating-point throughput cannot be converted into a CPU SPECint single-thread score.,21100.0,1.2,250.0,,80.0,,,,,,
intel-core-i9-9900k,Intel Core i9-9900K,Intel,cpu,client,single desktop processor,2018-10-19,shipping,primary,https://www.intel.com/content/www/us/en/products/sku/186605/intel-core-i99900k-processor-16m-cache-up-to-5-00-ghz/specifications.html; https://download.intel.com/newsroom/2021/archive/2018-10-19-news-9th-gen-intel-core-i9-9900k-sets-overclocking-records.pdf,Headline 2018 desktop flagship. Intel's dated shipping announcement supplies the release day; SPEC rate is from a later one-chip workstation submission.,,3.6,95,8,,,,,51.0,5386.340708972764,
aws-graviton1,AWS Graviton,AWS,cpu,server,single-socket processor,2018-11-26,shipping,primary,https://aws.amazon.com/ec2/graviton/,,,,,16,,,,,,,
newdata-xeon-pl-8280-2019-03,Xeon Pl. 8280,Intel,cpu,historical processor dataset,processor/package,2019-03-01,shipping,repository_source,https://github.com/karlrupp/microprocessor-trend-data/blob/master/newdata.txt#L34; https://www.spec.org/cpu2017/results/,SpecInt 2017: 10.1 The repository converts SPEC CPU2017 integer speed to its SPECint2006-equivalent scale with a factor of 9.0.,8000.0,2.7,205.0,28,,90.9,,,178,18799.385219552,
newdata-epyc-7742-2019-08,Epyc 7742,AMD,cpu,historical processor dataset,processor/package,2019-08-01,shipping,repository_source,https://github.com/karlrupp/microprocessor-trend-data/blob/master/newdata.txt#L35; https://www.spec.org/cpu2017/results/,SpecInt 2017: 8.7 The repository converts SPEC CPU2017 integer speed to its SPECint2006-equivalent scale with a factor of 9.0.,39500.0,2.25,225.0,64,,78.3,,,349,36859.46877316656,
aws-graviton2,AWS Graviton2,AWS,cpu,server,single-socket processor,2019-12-03,shipping,primary,https://aws.amazon.com/blogs/hpc/numerical-weather-prediction-on-aws-graviton2/; https://aws.amazon.com/es/blogs/aws-spanish/comparando-el-desempeno-de-las-instancias-amazon-ec2-aws-graviton2-intel-x64-y-amd-epyc/,,,2.5,,64,,,,,,,2560
newdata-ryzen-3990x-2020-01,Ryzen 3990X,AMD,cpu,historical processor dataset,processor/package,2020-01-01,shipping,repository_source,https://github.com/karlrupp/microprocessor-trend-data/blob/master/newdata.txt#L36; https://www.spec.org/cpu2017/results/,SpecInt 2017: 11.0 The repository converts SPEC CPU2017 integer speed to its SPECint2006-equivalent scale with a factor of 9.0.,30400.0,2.9,280.0,64,,99.0,,,,,
newdata-xeon-gold-6258-2020-02,Xeon Gold 6258,Intel,cpu,historical processor dataset,processor/package,2020-02-01,shipping,repository_source,https://github.com/karlrupp/microprocessor-trend-data/blob/master/newdata.txt#L37; https://www.spec.org/cpu2017/results/,SpecInt 2017: 10.8 The repository converts SPEC CPU2017 integer speed to its SPECint2006-equivalent scale with a factor of 9.0.,,2.7,205.0,28,,97.2,,,,,
ampere-altra,Ampere Altra,Ampere,cpu,server,single-socket processor,2020-03-03,shipping,primary,https://amperecomputing.com/products/processors,,,3.3,210,80,,,,,301,31789.971635309845,
nvidia-a100-sxm4,NVIDIA A100 SXM4,NVIDIA,gpu,datacenter/HPC,SXM accelerator,2020-05-14,shipping,primary,https://www.nvidia.com/content/dam/en-zz/Solutions/Data-Center/a100/pdf/nvidia-a100-datasheet.pdf,,,,400,,108,,,,,,19500
fujitsu-a64fx,Fujitsu A64FX,Fujitsu,manycore,hpc,processor with HBM2,2020-06-22,shipping,primary,https://www.fujitsu.com/downloads/SUPER/a64fx/a64fx_datasheet_en.pdf,,8786,2.2,,48,,,,,,,6758.4
newdata-m1-2020-09,Apple M1,Apple,soc,client,monolithic SoC,2020-11-10,shipping,primary+legacy,https://github.com/karlrupp/microprocessor-trend-data/blob/master/newdata.txt#L38; https://www.anandtech.com/show/16252/mac-mini-apple-m1-tested/4; https://www.apple.com/newsroom/2020/11/apple-unleashes-m1/,Converted from AnandTech's estimated SPECint2017 single-thread score using the repository's 9.0 factor: 6.66 x 9 = 59.94. This was not an official SPEC submission.,16000,3.2,28.0,8,8,59.9,,,,,
amd-instinct-mi100,AMD Instinct MI100,AMD,gpu,datacenter/HPC,PCIe accelerator,2020-11-16,shipping,primary,https://www.amd.com/content/dam/amd/en/documents/instinct-tech-docs/product-briefs/amd-instinct-gpu-family-brochure.pdf,,,,300,,120,,,,,,23100
newdata-xeon-pl-8380-2021-03,Xeon Pl. 8380,Intel,cpu,historical processor dataset,processor/package,2021-03-01,shipping,repository_source,https://github.com/karlrupp/microprocessor-trend-data/blob/master/newdata.txt#L39; https://www.spec.org/cpu2017/results/,SpecInt 2017: 11.7 The repository converts SPEC CPU2017 integer speed to its SPECint2006-equivalent scale with a factor of 9.0.,,2.3,290.0,40,,105.3,,,,,
ampere-altra-max,Ampere Altra Max,Ampere,cpu,server,single-socket processor,2021-03-04,shipping,primary,https://amperecomputing.com/products/processors; https://amperecomputing.com/assets/Altra_Max_Rev_A1_PB_v1_05_20220728_8e27a0845f.pdf,,,3.0,250,128,,,,,356,37598.770439104,
amd-epyc-7763,AMD EPYC 7763,AMD,cpu,server,multi-chip module,2021-03-15,shipping,primary,https://www.amd.com/en/products/processors/server/epyc/7003-series.html,,,2.45,280,64,,,,,426,44991.78709847838,
ibm-power10,IBM POWER10,IBM,cpu,server,processor module,2021-09-08,shipping,primary,https://www.redbooks.ibm.com/redpapers/pdfs/redp5675.pdf,,,4.0,,15,,,,,,,
newdata-m1-max-2021-08,Apple M1 Max,Apple,soc,client,monolithic SoC,2021-10-18,shipping,primary+legacy,https://github.com/karlrupp/microprocessor-trend-data/blob/master/newdata.txt#L40; https://www.anandtech.com/show/16252/mac-mini-apple-m1-tested/4; https://www.anandtech.com/show/17024/apple-m1-max-performance-review/4; https://www.apple.com/uk/newsroom/2021/10/introducing-m1-pro-and-m1-max-the-most-powerful-chips-apple-has-ever-built/,"AnandTech found M1 Max single-thread performance changed little from M1 because both use 3.23 GHz Firestorm cores. The M1 converted value, 6.66 x 9 = 59.94, is used as a proxy.",57000,3.2,30.0,10,32,60.7,,,,,
apple-m1-pro,Apple M1 Pro,Apple,soc,client,monolithic SoC,2021-10-18,shipping,primary,https://www.apple.com/uk/newsroom/2021/10/introducing-m1-pro-and-m1-max-the-most-powerful-chips-apple-has-ever-built/,,33700,,,10,16,60.2,,,,,
newdata-radeon-mi250-2021-09,AMD Instinct MI250X,AMD,gpu,datacenter/HPC,OAM accelerator,2021-11-08,shipping,primary+legacy,https://github.com/karlrupp/microprocessor-trend-data/blob/master/newdata.txt#L41; https://www.amd.com/content/dam/amd/en/documents/instinct-tech-docs/product-briefs/amd-instinct-gpu-family-brochure.pdf,GPU; 208 compute units Not applicable: GPU floating-point throughput cannot be converted into a CPU SPECint single-thread score.,58200,1.7,560,,220,,,,,,47900
amd-instinct-mi210,AMD Instinct MI210,AMD,gpu,datacenter/HPC,PCIe accelerator,2021-12-08,shipping,primary,https://www.amd.com/content/dam/amd/en/documents/instinct-tech-docs/product-briefs/amd-instinct-gpu-family-brochure.pdf,,,,300,,104,,,,,,45300
apple-m1-ultra,Apple M1 Ultra,Apple,soc,workstation,dual-die SoC package,2022-03-08,shipping,primary,https://www.apple.com/newsroom/2022/03/apple-unveils-m1-ultra-the-worlds-most-powerful-chip-for-a-personal-computer/,,114000,,,20,64,60.6,,,,,
newdata-graviton-3-2021-09,AWS Graviton3,AWS,cpu,server,single-socket processor,2022-05-23,shipping,primary+legacy,https://github.com/karlrupp/microprocessor-trend-data/blob/master/newdata.txt#L42; https://d1.awsstatic.com/events/reinvent/2021/New_Launch_Deep_dive_into_AWS_Graviton3_and_Amazon_EC2_C7g_instances_CMP332.pdf; https://aws.amazon.com/blogs/hpc/application-deep-dive-into-the-graviton3e-based-amazon-ec2-hpc7g-instance/,"AWS publishes relative estimated SPECint2017 rate improvements, but no absolute single-thread score suitable for the chart's conversion was found.",55000.0,2.6,100.0,64,,,,,,,
apple-m2,Apple M2,Apple,soc,client,monolithic SoC,2022-06-06,shipping,primary,https://www.apple.com/au/newsroom/2022/06/apple-unveils-m2-with-breakthrough-performance-and-capabilities/,,20000,,,8,10,64.5,,,,,
nvidia-h100-sxm5,NVIDIA H100 SXM5,NVIDIA,gpu,datacenter/HPC,SXM accelerator,2022-09-20,shipping,primary,https://www.nvidia.com/en-eu/data-center/h100/,,,,700,,132,,,,,,67000
amd-epyc-9654,AMD EPYC 9654,AMD,cpu,server,multi-chip module,2022-11-10,shipping,primary,https://www.amd.com/en/products/processors/server/epyc/4th-generation-9004-and-8004-series/amd-epyc-9654.html; https://www.spec.org/cpu2017/results/res2023q4/cpu2017-20231014-39454.html,,,2.4,360,96,,124.2,,,777,82062.48491905564,
intel-data-center-gpu-max-1550,Intel Data Center GPU Max 1550,Intel,gpu,datacenter/HPC,OAM accelerator,2023-01-10,shipping,primary,https://www.intel.com/content/www/us/en/docs/oneapi/optimization-guide-gpu/2025-2/intel-xe-gpu-architecture.html; https://www.intel.com/content/www/us/en/products/sku/232873/intel-data-center-gpu-max-1550/specifications.html,,,1.6,600,,128,,,,,,52428.8
intel-xeon-8480-plus,Intel Xeon Platinum 8480+,Intel,cpu,server,multi-tile processor,2023-01-10,shipping,primary,https://www.intel.com/content/www/us/en/ark/products/codename/126212/products-formerly-sapphire-rapids.html,,,2.0,350,56,,,,,448,47315.306619996045,
apple-m2-max,Apple M2 Max,Apple,soc,client,monolithic SoC,2023-01-17,shipping,primary,https://www.apple.com/newsroom/2023/01/apple-unveils-m2-pro-and-m2-max-next-generation-chips-for-next-level-workflows/,,67000,,,12,38,68.2,,,,,
apple-m2-pro,Apple M2 Pro,Apple,soc,client,monolithic SoC,2023-01-17,shipping,primary,https://www.apple.com/newsroom/2023/01/apple-unveils-m2-pro-and-m2-max-next-generation-chips-for-next-level-workflows/,,40000,,,12,19,66.5,,,,,
nvidia-grace-cpu-superchip,NVIDIA Grace CPU Superchip,NVIDIA,cpu,server/HPC,dual-die CPU superchip,2023-05-29,shipping,primary,https://developer.nvidia.com/blog/?p=59829,,,,500,144,,,,,,,
apple-m2-ultra,Apple M2 Ultra,Apple,soc,workstation,dual-die SoC package,2023-06-05,shipping,primary,https://www.apple.com/newsroom/2023/06/apple-introduces-m2-ultra/,,134000,,,24,76,69.0,,,,,
amd-epyc-9754,AMD EPYC 9754,AMD,cpu,server,multi-chip module,2023-06-13,shipping,primary,https://www.amd.com/content/dam/amd/en/documents/epyc-business-docs/datasheets/amd-epyc-9004-series-processors-datasheet.pdf; https://www.spec.org/cpu2017/results/res2025q3/cpu2017-20250822-49370.html,,,2.25,360,128,,105.3,,,926,97799.04895115254,
apple-m3,Apple M3,Apple,soc,client,monolithic SoC,2023-10-30,shipping,primary,https://www.apple.com/newsroom/2023/10/apple-unveils-m3-m3-pro-and-m3-max-the-most-advanced-chips-for-a-personal-computer/,,25000,,,8,10,75.7,,,,,
apple-m3-max,Apple M3 Max,Apple,soc,client,monolithic SoC,2023-10-30,shipping,primary,https://www.apple.com/newsroom/2023/10/apple-unveils-m3-m3-pro-and-m3-max-the-most-advanced-chips-for-a-personal-computer/,,92000,,,16,40,77.3,,,,,
apple-m3-pro,Apple M3 Pro,Apple,soc,client,monolithic SoC,2023-10-30,shipping,primary,https://www.apple.com/newsroom/2023/10/apple-unveils-m3-m3-pro-and-m3-max-the-most-advanced-chips-for-a-personal-computer/,,37000,,,12,18,77.0,,,,,
amd-instinct-mi300a,AMD Instinct MI300A,AMD,manycore,datacenter/HPC,CPU-GPU APU,2023-12-06,shipping,primary,https://www.amd.com/content/dam/amd/en/documents/instinct-tech-docs/white-papers/amd-cdna-3-white-paper.pdf,,146000,,760,24,228,,,,,,122600
amd-instinct-mi300x,AMD Instinct MI300X,AMD,gpu,datacenter/HPC,OAM accelerator,2023-12-06,shipping,primary,https://www.amd.com/content/dam/amd/en/documents/instinct-tech-docs/white-papers/amd-cdna-3-white-paper.pdf,,153000,2.1,750,,304,,,,,,163400
intel-xeon-8592-plus,Intel Xeon Platinum 8592+,Intel,cpu,server,multi-tile processor,2023-12-14,shipping,primary,https://www.intel.com/content/www/us/en/products/sku/237261/intel-xeon-platinum-8592-processor-320m-cache-1-90-ghz/specifications.html; https://www.spec.org/cpu2017/results/res2023q4/cpu2017-20231128-40077.html,,,1.9,350,64,,128.7,,,550,58087.98803794158,
apple-m4,Apple M4,Apple,soc,client,monolithic SoC,2024-05-07,shipping,primary,https://www.apple.com/newsroom/2024/05/apple-introduces-m4-chip/,,28000,,,10,10,89.7,,,,,
nvidia-h200-sxm,NVIDIA H200 SXM,NVIDIA,gpu,datacenter/HPC,SXM accelerator,2024-06-01,shipping,primary,https://www.nvidia.com/en-gb/data-center/h200/,,,,700,,132,,,,,,67000
aws-graviton4,AWS Graviton4,AWS,cpu,server,single-socket processor,2024-07-09,shipping,primary,https://aws.amazon.com/blogs/hpc/performance-gains-with-aws-graviton4-a-devitopro-case-study/,,,,,96,,,,,,,
ampereone-a192,AmpereOne A192-32X,Ampere,cpu,server,single-socket processor,2024-08-01,shipping,primary,https://amperecomputing.com/products/processors,,,3.2,400,192,,,,,,,
intel-xeon-6980p,Intel Xeon 6980P,Intel,cpu,server,multi-tile processor,2024-09-24,shipping,primary,https://www.intel.com/content/www/us/en/ark/products/series/240357/intel-xeon-6-processors.html; https://www.spec.org/cpu2017/results/res2026q2/cpu2017-20251215-50874.html,,,2.0,500,128,,128.7,,,1220,128849.71892052495,
amd-epyc-9965,AMD EPYC 9965,AMD,cpu,server,multi-chip module,2024-10-10,shipping,primary,https://www.amd.com/en/products/processors/server/epyc/9005-series.html; https://www.spec.org/cpu2017/results/res2025q2/cpu2017-20250324-47089.html,,,2.25,500,192,,144.9,,,1400,147860.33318748765,
amd-instinct-mi325x,AMD Instinct MI325X,AMD,gpu,datacenter/HPC,OAM accelerator,2024-10-10,shipping,primary,https://www.amd.com/content/dam/amd/en/documents/instinct-tech-docs/white-papers/amd-cdna-3-white-paper.pdf,,153000,2.1,1000,,304,,,,,,163400
apple-m4-max,Apple M4 Max,Apple,soc,client,monolithic SoC,2024-10-30,shipping,primary,https://www.apple.com/newsroom/2024/10/apple-introduces-m4-pro-and-m4-max/,,95000,4.52,70,16,40,92.5,,,,,
apple-m4-pro,Apple M4 Pro,Apple,soc,client,monolithic SoC,2024-10-30,shipping,primary,https://www.apple.com/newsroom/2024/10/apple-introduces-m4-pro-and-m4-max/,,41000,4.52,46,14,20,92.3,,,,,
apple-m3-ultra,Apple M3 Ultra,Apple,soc,workstation,dual-die SoC package,2025-03-05,shipping,primary,https://www.apple.com/newsroom/2025/03/apple-reveals-m3-ultra-taking-apple-silicon-to-a-new-extreme/,,184000,,,32,80,79.8,,,,,
nvidia-b200,NVIDIA B200,NVIDIA,gpu,datacenter/HPC,SXM accelerator,2025-03-18,shipping,primary,https://www.nvidia.com/en-au/data-center/hgx/,,,,,,,,,,,,75000
amd-instinct-mi350x,AMD Instinct MI350X,AMD,gpu,datacenter/HPC,OAM accelerator,2025-06-12,shipping,primary,https://www.amd.com/en/products/accelerators/instinct/mi350/mi350x.html,,185000,2.2,1000,,256,,,,,,144200
amd-instinct-mi355x,AMD Instinct MI355X,AMD,gpu,datacenter/HPC,OAM accelerator,2025-06-12,shipping,primary,https://www.amd.com/en/products/accelerators/instinct/mi350/mi355x.html,,185000,2.4,1400,,256,,,,,,157300
ibm-power11,IBM POWER11,IBM,cpu,server,processor module,2025-07-25,shipping,primary,https://www.redbooks.ibm.com/redbooks/pdfs/sg248596.pdf,,,4.2,,30,,,,,,,
apple-m5,Apple M5,Apple,soc,client,monolithic SoC,2025-10-15,shipping,primary,https://www.apple.com/newsroom/2025/10/apple-unleashes-m5-the-next-big-leap-in-ai-performance-for-apple-silicon/,,28000,4.61,30,10,10,99.6,,,,,
nvidia-b300,NVIDIA B300 Blackwell Ultra,NVIDIA,gpu,datacenter/HPC,SXM accelerator,2025-10-30,shipping,primary,https://www.nvidia.com/en-us/data-center/hgx/; https://docs.nvidia.com/dgx/dgx-os-7-user-guide/release_notes.html,Release coordinate uses the first dated NVIDIA DGX OS release with B300 support; NVIDIA now identifies HGX B300 as shipping.,,,,,,,,,,,75000
apple-m5-max,Apple M5 Max,Apple,soc,client,dual-die SoC package,2026-03-11,shipping,primary,https://www.apple.com/newsroom/2026/03/apple-debuts-m5-pro-and-m5-max-to-supercharge-the-most-demanding-pro-workflows/,,,4.61,72,18,40,102.0,,,,,
apple-m5-pro,Apple M5 Pro,Apple,soc,client,dual-die SoC package,2026-03-11,shipping,primary,https://www.apple.com/newsroom/2026/03/apple-debuts-m5-pro-and-m5-max-to-supercharge-the-most-demanding-pro-workflows/,,,4.61,,18,20,101.0,,,,,
aws-graviton5,AWS Graviton5,AWS,cpu,server,single-socket processor,2026-06-09,shipping,primary,https://aws.amazon.com/blogs/aws/now-available-amazon-ec2-m9g-and-m9gd-instances-powered-by-new-aws-graviton5-processors/,,,,,192,,,,,,,
apple-m5-ultra,Apple M5 Ultra,Apple,soc,workstation,quad-die SoC package,2026-09-22,shipping,primary,https://www.apple.com/newsroom/2026/09/the-new-mac-mini-and-mac-studio-are-available-today/,,,,,36,80,103.2,,,,,
apple-m6,Apple M6,Apple,soc,client,monolithic SoC,2026-09-22,shipping,primary,https://www.apple.com/newsroom/2026/08/apple-unveils-a-more-powerful-mac-mini-featuring-the-all-new-m6-and-m5-pro/,,,,,12,12,111.5,,,,,
