processor_id,processor_name,manufacturer,processor_type,release_year,release_month,transistors_billion,single_thread_performance_specint,single_thread_performance_basis,single_thread_performance_status,single_thread_performance_confidence,frequency_ghz,typical_power_tdp_watts,logical_threads_or_compute_units,parallel_unit_basis,match_confidence,provenance_tier,reference_urls,notes,plot_point_ids
cornell-intel-4004-1971-11-01,4004,Intel,CPU,1971,11,0.0000023,0.000012,Stanford/Cornell normalized SPECint2006-equivalent performance,inferred_pre_spec_proxy,medium,0.0007,0.45,1,physical cores,high,original_author_dataset,https://github.com/cornell-brg/processor-trends/blob/main/data/processor-trends.csv#L3; https://github.com/cornell-brg/processor-trends,Matched against the cleaned Cornell processor-trends source derived from and independently checked against the Stanford/Horowitz data. The original-author lineage flags pre-1990 values as performance proxies rather than true SPECint results.,series-cores-point-001; series-frequency-point-001; series-transistors-point-001; series-watts-point-001
cornell-intel-8008-1972-04-01,8008,Intel,CPU,1972,04,0.0000035,0.000012,Stanford/Cornell normalized SPECint2006-equivalent performance,inferred_pre_spec_proxy,medium,0.0005,0.42,1,physical cores,high,original_author_dataset,https://github.com/cornell-brg/processor-trends/blob/main/data/processor-trends.csv#L4; https://github.com/cornell-brg/processor-trends,Matched against the cleaned Cornell processor-trends source derived from and independently checked against the Stanford/Horowitz data. The original-author lineage flags pre-1990 values as performance proxies rather than true SPECint results.,series-cores-point-002; series-frequency-point-002; series-transistors-point-002; series-watts-point-002
cornell-intel-8080-1974-04-01,8080,Intel,CPU,1974,04,0.000006,0.000149,Stanford/Cornell normalized SPECint2006-equivalent performance,inferred_pre_spec_proxy,medium,0.002,0.92,1,physical cores,high,original_author_dataset,https://github.com/cornell-brg/processor-trends/blob/main/data/processor-trends.csv#L5; https://github.com/cornell-brg/processor-trends,Matched against the cleaned Cornell processor-trends source derived from and independently checked against the Stanford/Horowitz data. The original-author lineage flags pre-1990 values as performance proxies rather than true SPECint results.,series-cores-point-003; series-frequency-point-003; series-transistors-point-003; series-watts-point-003
cornell-intel-8088-1979-06-01,8088,Intel,CPU,1979,06,0.000029,0.000212,Stanford/Cornell normalized SPECint2006-equivalent performance,inferred_pre_spec_proxy,medium,0.005,1.7,1,physical cores,high,original_author_dataset,https://github.com/cornell-brg/processor-trends/blob/main/data/processor-trends.csv#L6; https://github.com/cornell-brg/processor-trends,Matched against the cleaned Cornell processor-trends source derived from and independently checked against the Stanford/Horowitz data. The original-author lineage flags pre-1990 values as performance proxies rather than true SPECint results.,series-cores-point-004; series-frequency-point-004; series-transistors-point-004; series-watts-point-004
cornell-intel-286-1982-02-01,286,Intel,CPU,1982,02,0.000134,0.00056,Stanford/Cornell normalized SPECint2006-equivalent performance,inferred_pre_spec_proxy,medium,0.006,3,1,physical cores,high,original_author_dataset,https://github.com/cornell-brg/processor-trends/blob/main/data/processor-trends.csv#L7; https://github.com/cornell-brg/processor-trends,Matched against the cleaned Cornell processor-trends source derived from and independently checked against the Stanford/Horowitz data. The original-author lineage flags pre-1990 values as performance proxies rather than true SPECint results.,series-cores-point-005; series-frequency-point-005; series-transistors-point-005; series-watts-point-005
cornell-intel-386-dx-1985-10-01,386 DX,Intel,CPU,1985,10,0.000275,0.006851,Stanford/Cornell normalized SPECint2006-equivalent performance,inferred_pre_spec_proxy,medium,0.016,1.5,1,physical cores,high,original_author_dataset,https://github.com/cornell-brg/processor-trends/blob/main/data/processor-trends.csv#L8; https://github.com/cornell-brg/processor-trends,Matched against the cleaned Cornell processor-trends source derived from and independently checked against the Stanford/Horowitz data. The original-author lineage flags pre-1990 values as performance proxies rather than true SPECint results.,series-cores-point-006; series-frequency-point-006; series-transistors-point-006; series-watts-point-006
cornell-mips-r2000-1986-01-01,R2000,Mips,CPU,1986,01,0.00011,,,unresolved_cross_suite,unresolved,0.016,3,1,physical cores,high,original_author_dataset,https://github.com/cornell-brg/processor-trends/blob/main/data/processor-trends.csv#L9; https://github.com/cornell-brg/processor-trends; https://digicoll.lib.berkeley.edu/record/138275/files/CSD-93-767.pdf,"Matched against the cleaned Cornell processor-trends source derived from and independently checked against the Stanford/Horowitz data. A 16.67 MHz R2000 system has a published early SPEC integer result, but no defensible conversion from that pre-SPEC92 result to the chart's normalized SPECint2006-equivalent scale was found.",series-cores-point-007; series-frequency-point-007; series-transistors-point-007; series-watts-point-007
cornell-mips-r3000-1988-06-01,R3000,Mips,CPU,1988,06,0.00011999999999999999,0.046875,Stanford/Cornell normalized SPECint2006-equivalent performance,inferred_pre_spec_proxy,medium,0.04,4,1,physical cores,high,original_author_dataset,https://github.com/cornell-brg/processor-trends/blob/main/data/processor-trends.csv#L10; https://github.com/cornell-brg/processor-trends,Matched against the cleaned Cornell processor-trends source derived from and independently checked against the Stanford/Horowitz data. The original-author lineage flags pre-1990 values as performance proxies rather than true SPECint results.,series-cores-point-008; series-frequency-point-008; series-specint-point-001; series-transistors-point-008; series-watts-point-008
cornell-intel-486-dx-1989-04-01,486 DX,Intel,CPU,1989,04,0.0012,0.028226,Stanford/Cornell normalized SPECint2006-equivalent performance,inferred_pre_spec_proxy,medium,0.025,2.75,1,physical cores,high,original_author_dataset,https://github.com/cornell-brg/processor-trends/blob/main/data/processor-trends.csv#L11; https://github.com/cornell-brg/processor-trends,Matched against the cleaned Cornell processor-trends source derived from and independently checked against the Stanford/Horowitz data. The original-author lineage flags pre-1990 values as performance proxies rather than true SPECint results.,series-cores-point-009; series-frequency-point-009; series-specint-point-002; series-transistors-point-009; series-watts-point-009
cornell-intel-486-dx-1990-05-01,486 DX,Intel,CPU,1990,05,0.0012,0.03125,Stanford/Cornell normalized SPECint2006-equivalent performance,source_reported_normalized,high,0.033,3.5,1,physical cores,high,original_author_dataset,https://github.com/cornell-brg/processor-trends/blob/main/data/processor-trends.csv#L12; https://github.com/cornell-brg/processor-trends,"Matched against the cleaned Cornell processor-trends source derived from and independently checked against the Stanford/Horowitz data. Copied from the Cornell normalized-performance field, which follows the Stanford cross-suite SPECint normalization method.",series-cores-point-010; series-frequency-point-010; series-specint-point-003; series-transistors-point-010; series-watts-point-010
cornell-intel-486-dx2-1992-03-01,486 DX2,Intel,CPU,1992,03,0.0012,0.050235,Stanford/Cornell normalized SPECint2006-equivalent performance,source_reported_normalized,high,0.066,5.8,1,physical cores,high,original_author_dataset,https://github.com/cornell-brg/processor-trends/blob/main/data/processor-trends.csv#L13; https://github.com/cornell-brg/processor-trends,"Matched against the cleaned Cornell processor-trends source derived from and independently checked against the Stanford/Horowitz data. Copied from the Cornell normalized-performance field, which follows the Stanford cross-suite SPECint normalization method.",series-cores-point-011; series-frequency-point-011; series-specint-point-004; series-transistors-point-011; series-watts-point-011
cornell-mips-r4000-1992-06-01,R4000,Mips,CPU,1992,06,0.0011,0.099126,Stanford/Cornell normalized SPECint2006-equivalent performance,source_reported_normalized,high,0.1,15,1,physical cores,high,original_author_dataset,https://github.com/cornell-brg/processor-trends/blob/main/data/processor-trends.csv#L14; https://github.com/cornell-brg/processor-trends,"Matched against the cleaned Cornell processor-trends source derived from and independently checked against the Stanford/Horowitz data. Copied from the Cornell normalized-performance field, which follows the Stanford cross-suite SPECint normalization method.",series-frequency-point-013; series-specint-point-005; series-transistors-point-013
cornell-sun-supersparc-1992-06-01,SuperSparc,Sun,CPU,1992,06,0.0031,0.149529,Stanford/Cornell normalized SPECint2006-equivalent performance,source_reported_normalized,high,0.06,14.2,1,physical cores,high,original_author_dataset,https://github.com/cornell-brg/processor-trends/blob/main/data/processor-trends.csv#L15; https://github.com/cornell-brg/processor-trends,"Matched against the cleaned Cornell processor-trends source derived from and independently checked against the Stanford/Horowitz data. Copied from the Cornell normalized-performance field, which follows the Stanford cross-suite SPECint normalization method.",series-frequency-point-012; series-specint-point-006; series-transistors-point-012
cornell-dec-alpha-21064-1992-10-01,Alpha 21064,DEC,CPU,1992,10,0.0017,0.178931,Stanford/Cornell normalized SPECint2006-equivalent performance,source_reported_normalized,high,0.2,35,1,physical cores,high,original_author_dataset,https://github.com/cornell-brg/processor-trends/blob/main/data/processor-trends.csv#L16; https://github.com/cornell-brg/processor-trends,"Matched against the cleaned Cornell processor-trends source derived from and independently checked against the Stanford/Horowitz data. Copied from the Cornell normalized-performance field, which follows the Stanford cross-suite SPECint normalization method.",series-cores-point-013; series-frequency-point-014; series-specint-point-007; series-transistors-point-014; series-watts-point-013
cornell-amd-am486-1993-03-01,Am486,AMD,CPU,1993,03,0.00093,,,unresolved_model_ambiguity,unresolved,0.04,3,1,physical cores,high,original_author_dataset,https://github.com/cornell-brg/processor-trends/blob/main/data/processor-trends.csv#L17; https://github.com/cornell-brg/processor-trends; https://www.cecs.uci.edu/~papers/mpr/MPR/ARTICLES/061302.pdf,Matched against the cleaned Cornell processor-trends source derived from and independently checked against the Stanford/Horowitz data. The source identifies only the Am486 family at 40 MHz. Published SPECint92 material does not identify a sufficiently specific AMD model and system configuration for a defensible assignment.,series-frequency-point-016; series-transistors-point-016; series-watts-point-014
cornell-intel-pentium-1993-03-01,Pentium,Intel,CPU,1993,03,0.0031,0.13088,Stanford/Cornell normalized SPECint2006-equivalent performance,source_reported_normalized,high,0.066,13,1,physical cores,high,original_author_dataset,https://github.com/cornell-brg/processor-trends/blob/main/data/processor-trends.csv#L18; https://github.com/cornell-brg/processor-trends,"Matched against the cleaned Cornell processor-trends source derived from and independently checked against the Stanford/Horowitz data. Copied from the Cornell normalized-performance field, which follows the Stanford cross-suite SPECint normalization method.",series-frequency-point-015; series-specint-point-008; series-transistors-point-015; series-watts-point-015
cornell-dec-alpha-21064a-1994-06-01,Alpha 21064A,DEC,CPU,1994,06,0.0028,0.338541,Stanford/Cornell normalized SPECint2006-equivalent performance,source_reported_normalized,high,0.3,28,1,physical cores,high,original_author_dataset,https://github.com/cornell-brg/processor-trends/blob/main/data/processor-trends.csv#L20; https://github.com/cornell-brg/processor-trends,"Matched against the cleaned Cornell processor-trends source derived from and independently checked against the Stanford/Horowitz data. Copied from the Cornell normalized-performance field, which follows the Stanford cross-suite SPECint normalization method.",series-frequency-point-018; series-specint-point-010; series-transistors-point-018; series-watts-point-016
cornell-mips-r4600-1994-06-01,R4600,Mips,CPU,1994,06,0.0019,0.191532,Stanford/Cornell normalized SPECint2006-equivalent performance,source_reported_normalized,high,0.15,3,1,physical cores,high,original_author_dataset,https://github.com/cornell-brg/processor-trends/blob/main/data/processor-trends.csv#L19; https://github.com/cornell-brg/processor-trends,"Matched against the cleaned Cornell processor-trends source derived from and independently checked against the Stanford/Horowitz data. Copied from the Cornell normalized-performance field, which follows the Stanford cross-suite SPECint normalization method.",series-frequency-point-017; series-specint-point-009; series-transistors-point-017; series-watts-point-017
cornell-dec-alpha-21164-1995-03-01,Alpha 21164,DEC,CPU,1995,03,0.00967,0.578272,Stanford/Cornell normalized SPECint2006-equivalent performance,source_reported_normalized,high,0.3,50,1,physical cores,high,original_author_dataset,https://github.com/cornell-brg/processor-trends/blob/main/data/processor-trends.csv#L21; https://github.com/cornell-brg/processor-trends,"Matched against the cleaned Cornell processor-trends source derived from and independently checked against the Stanford/Horowitz data. Copied from the Cornell normalized-performance field, which follows the Stanford cross-suite SPECint normalization method.",series-cores-point-016; series-frequency-point-019; series-specint-point-011; series-transistors-point-019; series-watts-point-018
cornell-sun-supersparc-ii-1995-06-01,SuperSparc II,Sun,CPU,1995,06,0.0031,0.226814,Stanford/Cornell normalized SPECint2006-equivalent performance,source_reported_normalized,high,0.09,16,1,physical cores,high,original_author_dataset,https://github.com/cornell-brg/processor-trends/blob/main/data/processor-trends.csv#L22; https://github.com/cornell-brg/processor-trends,"Matched against the cleaned Cornell processor-trends source derived from and independently checked against the Stanford/Horowitz data. Copied from the Cornell normalized-performance field, which follows the Stanford cross-suite SPECint normalization method.",series-cores-point-017; series-frequency-point-020; series-specint-point-012; series-transistors-point-020; series-watts-point-019
cornell-intel-pentium-pro-1995-11-01,Pentium Pro,Intel,CPU,1995,11,0.0055,0.551059,Stanford/Cornell normalized SPECint2006-equivalent performance,source_reported_normalized,high,0.2,32.6,1,physical cores,high,original_author_dataset,https://github.com/cornell-brg/processor-trends/blob/main/data/processor-trends.csv#L24; https://github.com/cornell-brg/processor-trends,"Matched against the cleaned Cornell processor-trends source derived from and independently checked against the Stanford/Horowitz data. Copied from the Cornell normalized-performance field, which follows the Stanford cross-suite SPECint normalization method.",series-frequency-point-021; series-specint-point-014; series-transistors-point-021; series-watts-point-020
cornell-sun-ultrasparc-i-1995-11-01,UltraSparc I,Sun,CPU,1995,11,0.0052,0.53065,Stanford/Cornell normalized SPECint2006-equivalent performance,source_reported_normalized,high,0.2,30,1,physical cores,high,original_author_dataset,https://github.com/cornell-brg/processor-trends/blob/main/data/processor-trends.csv#L23; https://github.com/cornell-brg/processor-trends,"Matched against the cleaned Cornell processor-trends source derived from and independently checked against the Stanford/Horowitz data. Copied from the Cornell normalized-performance field, which follows the Stanford cross-suite SPECint normalization method.",series-specint-point-013
cornell-mips-r10000-1996-01-01,R10000,Mips,CPU,1996,01,0.0068,0.775565,Stanford/Cornell normalized SPECint2006-equivalent performance,source_reported_normalized,high,0.2,30,1,physical cores,high,original_author_dataset,https://github.com/cornell-brg/processor-trends/blob/main/data/processor-trends.csv#L26; https://github.com/cornell-brg/processor-trends,"Matched against the cleaned Cornell processor-trends source derived from and independently checked against the Stanford/Horowitz data. Copied from the Cornell normalized-performance field, which follows the Stanford cross-suite SPECint normalization method.",series-specint-point-016; series-transistors-point-022
cornell-mips-r5000-1996-01-01,R5000,Mips,CPU,1996,01,0.0036,0.374176,Stanford/Cornell normalized SPECint2006-equivalent performance,source_reported_normalized,high,0.2,10,1,physical cores,high,original_author_dataset,https://github.com/cornell-brg/processor-trends/blob/main/data/processor-trends.csv#L25; https://github.com/cornell-brg/processor-trends,"Matched against the cleaned Cornell processor-trends source derived from and independently checked against the Stanford/Horowitz data. Copied from the Cornell normalized-performance field, which follows the Stanford cross-suite SPECint normalization method.",series-specint-point-015; series-transistors-point-023; series-watts-point-022
cornell-amd-k5-1996-03-01,K5,AMD,CPU,1996,03,0.0043,,,unresolved_estimate_only,unresolved,0.09,11,1,physical cores,high,original_author_dataset,https://github.com/cornell-brg/processor-trends/blob/main/data/processor-trends.csv#L27; https://github.com/cornell-brg/processor-trends; https://www.cl.cam.ac.uk/teaching/0405/CompArch/Gwennap95-P6_Microarchitecture.pdf,"Matched against the cleaned Cornell processor-trends source derived from and independently checked against the Stanford/Horowitz data. Contemporary sources publish estimated SPECint92 targets for K5, not a verified result for the exact 90 MHz record, and no defensible cross-suite conversion was found.",series-frequency-point-023; series-transistors-point-024; series-watts-point-023
cornell-dec-alpha-21164a-1996-07-01,Alpha 21164A,DEC,CPU,1996,07,0.00967,1.02048,Stanford/Cornell normalized SPECint2006-equivalent performance,source_reported_normalized,high,0.5,43,1,physical cores,high,original_author_dataset,https://github.com/cornell-brg/processor-trends/blob/main/data/processor-trends.csv#L28; https://github.com/cornell-brg/processor-trends,"Matched against the cleaned Cornell processor-trends source derived from and independently checked against the Stanford/Horowitz data. Copied from the Cornell normalized-performance field, which follows the Stanford cross-suite SPECint normalization method.",series-cores-point-020; series-frequency-point-024; series-specint-point-017; series-transistors-point-025; series-watts-point-024
cornell-sun-ultrasparc-ii-1997-01-01,UltraSparc II,Sun,CPU,1997,01,0.0054,0.707533,Stanford/Cornell normalized SPECint2006-equivalent performance,source_reported_normalized,high,0.25,25,1,physical cores,high,original_author_dataset,https://github.com/cornell-brg/processor-trends/blob/main/data/processor-trends.csv#L29; https://github.com/cornell-brg/processor-trends,"Matched against the cleaned Cornell processor-trends source derived from and independently checked against the Stanford/Horowitz data. Copied from the Cornell normalized-performance field, which follows the Stanford cross-suite SPECint normalization method.",series-cores-point-021; series-frequency-point-025; series-specint-point-018; series-transistors-point-026; series-watts-point-025
cornell-dec-alpha-21164pc-1997-03-01,Alpha 21164PC,DEC,CPU,1997,03,0.0035,0.972858,Stanford/Cornell normalized SPECint2006-equivalent performance,source_reported_normalized,high,0.533,36,1,physical cores,high,original_author_dataset,https://github.com/cornell-brg/processor-trends/blob/main/data/processor-trends.csv#L30; https://github.com/cornell-brg/processor-trends,"Matched against the cleaned Cornell processor-trends source derived from and independently checked against the Stanford/Horowitz data. Copied from the Cornell normalized-performance field, which follows the Stanford cross-suite SPECint normalization method.",series-frequency-point-026; series-specint-point-019; series-transistors-point-027; series-watts-point-026
cornell-amd-k6-1997-04-01,K6,AMD,CPU,1997,04,0.0088,0.462618,Stanford/Cornell normalized SPECint2006-equivalent performance,source_reported_normalized,high,0.233,17,1,physical cores,high,original_author_dataset,https://github.com/cornell-brg/processor-trends/blob/main/data/processor-trends.csv#L31; https://github.com/cornell-brg/processor-trends,"Matched against the cleaned Cornell processor-trends source derived from and independently checked against the Stanford/Horowitz data. Copied from the Cornell normalized-performance field, which follows the Stanford cross-suite SPECint normalization method.",series-frequency-point-027; series-specint-point-020; series-transistors-point-028; series-watts-point-027
cornell-intel-pentium-ii-klamath-1997-05-01,Pentium II (klamath),Intel,CPU,1997,05,0.0075,0.795974,Stanford/Cornell normalized SPECint2006-equivalent performance,source_reported_normalized,high,0.3,32,1,physical cores,high,original_author_dataset,https://github.com/cornell-brg/processor-trends/blob/main/data/processor-trends.csv#L32; https://github.com/cornell-brg/processor-trends,"Matched against the cleaned Cornell processor-trends source derived from and independently checked against the Stanford/Horowitz data. Copied from the Cornell normalized-performance field, which follows the Stanford cross-suite SPECint normalization method.",series-frequency-point-028; series-specint-point-021; series-transistors-point-029; series-watts-point-028
cornell-dec-alpha-21264-1998-07-01,Alpha 21264,DEC,CPU,1998,07,0.0152,1.9904,Stanford/Cornell normalized SPECint2006-equivalent performance,source_reported_normalized,high,0.5,91,1,physical cores,high,original_author_dataset,https://github.com/cornell-brg/processor-trends/blob/main/data/processor-trends.csv#L33; https://github.com/cornell-brg/processor-trends,"Matched against the cleaned Cornell processor-trends source derived from and independently checked against the Stanford/Horowitz data. Copied from the Cornell normalized-performance field, which follows the Stanford cross-suite SPECint normalization method.",series-cores-point-024; series-frequency-point-029; series-specint-point-022; series-transistors-point-030; series-watts-point-029
cornell-amd-k6-2-1998-11-01,K6-2,AMD,CPU,1998,11,0.009300000000000001,0.646304,Stanford/Cornell normalized SPECint2006-equivalent performance,source_reported_normalized,high,0.4,14,1,physical cores,high,original_author_dataset,https://github.com/cornell-brg/processor-trends/blob/main/data/processor-trends.csv#L35; https://github.com/cornell-brg/processor-trends,"Matched against the cleaned Cornell processor-trends source derived from and independently checked against the Stanford/Horowitz data. Copied from the Cornell normalized-performance field, which follows the Stanford cross-suite SPECint normalization method.",series-frequency-point-031; series-specint-point-024; series-transistors-point-031; series-watts-point-031
cornell-mips-r12000-1998-11-01,R12000,Mips,CPU,1998,11,0.006900000000000001,1.251789,Stanford/Cornell normalized SPECint2006-equivalent performance,source_reported_normalized,high,0.3,30,1,physical cores,high,original_author_dataset,https://github.com/cornell-brg/processor-trends/blob/main/data/processor-trends.csv#L34; https://github.com/cornell-brg/processor-trends,"Matched against the cleaned Cornell processor-trends source derived from and independently checked against the Stanford/Horowitz data. Copied from the Cornell normalized-performance field, which follows the Stanford cross-suite SPECint normalization method.",series-frequency-point-030; series-specint-point-023; series-transistors-point-032; series-watts-point-030
cornell-amd-k6-iii-1999-02-01,K6-III,AMD,CPU,1999,02,0.0213,1.04089,Stanford/Cornell normalized SPECint2006-equivalent performance,source_reported_normalized,high,0.45,17,1,physical cores,high,original_author_dataset,https://github.com/cornell-brg/processor-trends/blob/main/data/processor-trends.csv#L37; https://github.com/cornell-brg/processor-trends,"Matched against the cleaned Cornell processor-trends source derived from and independently checked against the Stanford/Horowitz data. Copied from the Cornell normalized-performance field, which follows the Stanford cross-suite SPECint normalization method.",series-frequency-point-032; series-specint-point-026; series-transistors-point-034; series-watts-point-032
cornell-intel-pentium-iii-katmai-1999-02-01,Pentium III (katmai),Intel,CPU,1999,02,0.0095,1.4912,Stanford/Cornell normalized SPECint2006-equivalent performance,source_reported_normalized,high,0.5,21,1,physical cores,high,original_author_dataset,https://github.com/cornell-brg/processor-trends/blob/main/data/processor-trends.csv#L36; https://github.com/cornell-brg/processor-trends,"Matched against the cleaned Cornell processor-trends source derived from and independently checked against the Stanford/Horowitz data. Copied from the Cornell normalized-performance field, which follows the Stanford cross-suite SPECint normalization method.",series-frequency-point-033; series-specint-point-025; series-transistors-point-033; series-watts-point-033
cornell-amd-k7-1999-11-01,K7,AMD,CPU,1999,11,0.022,1.87088,Stanford/Cornell normalized SPECint2006-equivalent performance,source_reported_normalized,high,0.75,35,1,physical cores,high,original_author_dataset,https://github.com/cornell-brg/processor-trends/blob/main/data/processor-trends.csv#L38; https://github.com/cornell-brg/processor-trends,"Matched against the cleaned Cornell processor-trends source derived from and independently checked against the Stanford/Horowitz data. Copied from the Cornell normalized-performance field, which follows the Stanford cross-suite SPECint normalization method.",series-cores-point-027; series-frequency-point-034; series-specint-point-027; series-transistors-point-035; series-watts-point-034
cornell-amd-athlon-tbird-2000-05-01,Athlon Tbird,AMD,CPU,2000,05,0.037,2.6752,Stanford/Cornell normalized SPECint2006-equivalent performance,source_reported_normalized,high,1,49,1,physical cores,high,original_author_dataset,https://github.com/cornell-brg/processor-trends/blob/main/data/processor-trends.csv#L40; https://github.com/cornell-brg/processor-trends,"Matched against the cleaned Cornell processor-trends source derived from and independently checked against the Stanford/Horowitz data. Copied from the Cornell normalized-performance field, which follows the Stanford cross-suite SPECint normalization method.",series-transistors-point-037; series-watts-point-035
cornell-intel-pentium-iii-coppermine-2000-05-01,Pentium III (coppermine),Intel,CPU,2000,05,0.028,2.624,Stanford/Cornell normalized SPECint2006-equivalent performance,source_reported_normalized,high,1,20,1,physical cores,high,original_author_dataset,https://github.com/cornell-brg/processor-trends/blob/main/data/processor-trends.csv#L39; https://github.com/cornell-brg/processor-trends,"Matched against the cleaned Cornell processor-trends source derived from and independently checked against the Stanford/Horowitz data. Copied from the Cornell normalized-performance field, which follows the Stanford cross-suite SPECint normalization method.",series-transistors-point-036; series-watts-point-036
cornell-sun-ultrasparc-iii-2000-09-01,UltraSparc III,Sun,CPU,2000,09,0.029,2.9888,Stanford/Cornell normalized SPECint2006-equivalent performance,source_reported_normalized,high,0.9,70,1,physical cores,high,original_author_dataset,https://github.com/cornell-brg/processor-trends/blob/main/data/processor-trends.csv#L41; https://github.com/cornell-brg/processor-trends,"Matched against the cleaned Cornell processor-trends source derived from and independently checked against the Stanford/Horowitz data. Copied from the Cornell normalized-performance field, which follows the Stanford cross-suite SPECint normalization method.",series-frequency-point-036; series-specint-point-029; series-transistors-point-038; series-watts-point-037
cornell-intel-pentium-4-willamette-2000-11-01,Pentium 4 (willamette),Intel,CPU,2000,11,0.042,3.4304,Stanford/Cornell normalized SPECint2006-equivalent performance,source_reported_normalized,high,2,72,1,physical cores,high,original_author_dataset,https://github.com/cornell-brg/processor-trends/blob/main/data/processor-trends.csv#L42; https://github.com/cornell-brg/processor-trends,"Matched against the cleaned Cornell processor-trends source derived from and independently checked against the Stanford/Horowitz data. Copied from the Cornell normalized-performance field, which follows the Stanford cross-suite SPECint normalization method.",series-frequency-point-037; series-specint-point-030; series-transistors-point-039; series-watts-point-038
cornell-intel-itanium-2001-05-01,Itanium,Intel,CPU,2001,05,0.025,2.368,Stanford/Cornell normalized SPECint2006-equivalent performance,source_reported_normalized,high,0.8,98,1,physical cores,high,original_author_dataset,https://github.com/cornell-brg/processor-trends/blob/main/data/processor-trends.csv#L43; https://github.com/cornell-brg/processor-trends,"Matched against the cleaned Cornell processor-trends source derived from and independently checked against the Stanford/Horowitz data. Copied from the Cornell normalized-performance field, which follows the Stanford cross-suite SPECint normalization method.",series-cores-point-030; series-frequency-point-038; series-specint-point-031; series-transistors-point-040; series-watts-point-039
cornell-amd-k6-2-2001-06-01,K6-2,AMD,CPU,2001,06,0.037,3.5456,Stanford/Cornell normalized SPECint2006-equivalent performance,source_reported_normalized,high,1.4,56,1,physical cores,high,original_author_dataset,https://github.com/cornell-brg/processor-trends/blob/main/data/processor-trends.csv#L44; https://github.com/cornell-brg/processor-trends,"Matched against the cleaned Cornell processor-trends source derived from and independently checked against the Stanford/Horowitz data. Copied from the Cornell normalized-performance field, which follows the Stanford cross-suite SPECint normalization method.",series-cores-point-031; series-frequency-point-039; series-specint-point-032; series-transistors-point-041; series-watts-point-040
cornell-intel-pentium-4-northwood-2002-01-01,Pentium 4 (northwood),Intel,CPU,2002,01,0.055,5.1904,Stanford/Cornell normalized SPECint2006-equivalent performance,source_reported_normalized,high,2.2,48,1,physical cores,high,original_author_dataset,https://github.com/cornell-brg/processor-trends/blob/main/data/processor-trends.csv#L45; https://github.com/cornell-brg/processor-trends,"Matched against the cleaned Cornell processor-trends source derived from and independently checked against the Stanford/Horowitz data. Copied from the Cornell normalized-performance field, which follows the Stanford cross-suite SPECint normalization method.",series-cores-point-032; series-frequency-point-040; series-specint-point-033; series-transistors-point-042; series-watts-point-041
cornell-amd-athlon-xp-tbred-2002-06-01,Athlon XP Tbred,AMD,CPU,2002,06,0.037200000000000004,4.7232,Stanford/Cornell normalized SPECint2006-equivalent performance,source_reported_normalized,high,1.8,62,1,physical cores,high,original_author_dataset,https://github.com/cornell-brg/processor-trends/blob/main/data/processor-trends.csv#L46; https://github.com/cornell-brg/processor-trends,"Matched against the cleaned Cornell processor-trends source derived from and independently checked against the Stanford/Horowitz data. Copied from the Cornell normalized-performance field, which follows the Stanford cross-suite SPECint normalization method.",series-cores-point-033; series-frequency-point-041; series-specint-point-034; series-transistors-point-043; series-watts-point-042
cornell-intel-itanium-2-2002-07-01,Itanium 2,Intel,CPU,2002,07,0.221,5.184,Stanford/Cornell normalized SPECint2006-equivalent performance,source_reported_normalized,high,1,98,1,physical cores,high,original_author_dataset,https://github.com/cornell-brg/processor-trends/blob/main/data/processor-trends.csv#L47; https://github.com/cornell-brg/processor-trends,"Matched against the cleaned Cornell processor-trends source derived from and independently checked against the Stanford/Horowitz data. Copied from the Cornell normalized-performance field, which follows the Stanford cross-suite SPECint normalization method.",series-cores-point-034; series-frequency-point-042; series-specint-point-035; series-transistors-point-044; series-watts-point-043
cornell-dec-alpha-21364-2003-01-01,Alpha 21364,DEC,CPU,2003,01,0.152,5.6128,Stanford/Cornell normalized SPECint2006-equivalent performance,source_reported_normalized,high,1.15,155,1,physical cores,high,original_author_dataset,https://github.com/cornell-brg/processor-trends/blob/main/data/processor-trends.csv#L48; https://github.com/cornell-brg/processor-trends,"Matched against the cleaned Cornell processor-trends source derived from and independently checked against the Stanford/Horowitz data. Copied from the Cornell normalized-performance field, which follows the Stanford cross-suite SPECint normalization method.",series-cores-point-035; series-frequency-point-043; series-specint-point-036; series-transistors-point-045; series-watts-point-044
cornell-amd-athlon-xp-barton-2003-02-01,Athlon XP Barton,AMD,CPU,2003,02,0.054299999999999994,6.368,Stanford/Cornell normalized SPECint2006-equivalent performance,source_reported_normalized,high,2.16,74,1,physical cores,high,original_author_dataset,https://github.com/cornell-brg/processor-trends/blob/main/data/processor-trends.csv#L49; https://github.com/cornell-brg/processor-trends,"Matched against the cleaned Cornell processor-trends source derived from and independently checked against the Stanford/Horowitz data. Copied from the Cornell normalized-performance field, which follows the Stanford cross-suite SPECint normalization method.",series-cores-point-036; series-frequency-point-044; series-specint-point-037; series-transistors-point-046; series-watts-point-045
cornell-amd-opteron-2003-04-01,Opteron,AMD,CPU,2003,04,0.106,7.488,Stanford/Cornell normalized SPECint2006-equivalent performance,source_reported_normalized,high,1.8,89,1,physical cores,high,original_author_dataset,https://github.com/cornell-brg/processor-trends/blob/main/data/processor-trends.csv#L50; https://github.com/cornell-brg/processor-trends,"Matched against the cleaned Cornell processor-trends source derived from and independently checked against the Stanford/Horowitz data. Copied from the Cornell normalized-performance field, which follows the Stanford cross-suite SPECint normalization method.",series-cores-point-037; series-frequency-point-045; series-specint-point-038; series-transistors-point-047; series-watts-point-046
cornell-amd-athlon-64-fx-55-2004-06-01,Athlon 64 FX-55,AMD,CPU,2004,06,0.106,11.8656,Stanford/Cornell normalized SPECint2006-equivalent performance,source_reported_normalized,high,2.6,89,1,physical cores,high,original_author_dataset,https://github.com/cornell-brg/processor-trends/blob/main/data/processor-trends.csv#L51; https://github.com/cornell-brg/processor-trends,"Matched against the cleaned Cornell processor-trends source derived from and independently checked against the Stanford/Horowitz data. Copied from the Cornell normalized-performance field, which follows the Stanford cross-suite SPECint normalization method.",series-frequency-point-046; series-specint-point-041; series-transistors-point-049; series-watts-point-047
cornell-intel-pentium-4-prescott-2004-06-01,Pentium 4 (prescott),Intel,CPU,2004,06,0.125,10.08,Stanford/Cornell normalized SPECint2006-equivalent performance,source_reported_normalized,high,3.6,115,1,physical cores,high,original_author_dataset,https://github.com/cornell-brg/processor-trends/blob/main/data/processor-trends.csv#L52; https://github.com/cornell-brg/processor-trends,"Matched against the cleaned Cornell processor-trends source derived from and independently checked against the Stanford/Horowitz data. Copied from the Cornell normalized-performance field, which follows the Stanford cross-suite SPECint normalization method.",series-frequency-point-048; series-specint-point-039; series-transistors-point-048; series-watts-point-048
cornell-ibm-power5-2004-06-01,Power5,IBM,CPU,2004,06,0.276,8.9472,Stanford/Cornell normalized SPECint2006-equivalent performance,source_reported_normalized,high,1.9,100,2,physical cores,high,original_author_dataset,https://github.com/cornell-brg/processor-trends/blob/main/data/processor-trends.csv#L53; https://github.com/cornell-brg/processor-trends,"Matched against the cleaned Cornell processor-trends source derived from and independently checked against the Stanford/Horowitz data. Copied from the Cornell normalized-performance field, which follows the Stanford cross-suite SPECint normalization method.",series-cores-point-038; series-frequency-point-047; series-specint-point-040; series-transistors-point-050; series-watts-point-049
cornell-intel-pentium-d-840-2005-05-01,Pentium D (840),Intel,CPU,2005,05,0.23,9.5104,Stanford/Cornell normalized SPECint2006-equivalent performance,source_reported_normalized,high,3.2,130,2,physical cores,high,original_author_dataset,https://github.com/cornell-brg/processor-trends/blob/main/data/processor-trends.csv#L54; https://github.com/cornell-brg/processor-trends,"Matched against the cleaned Cornell processor-trends source derived from and independently checked against the Stanford/Horowitz data. Copied from the Cornell normalized-performance field, which follows the Stanford cross-suite SPECint normalization method.",series-cores-point-040; series-frequency-point-049; series-specint-point-042; series-transistors-point-051; series-watts-point-050
cornell-amd-athlon-64-fx-57-2005-06-01,Athlon 64 FX-57,AMD,CPU,2005,06,0.114,11.9168,Stanford/Cornell normalized SPECint2006-equivalent performance,source_reported_normalized,high,2.8,85,1,physical cores,high,original_author_dataset,https://github.com/cornell-brg/processor-trends/blob/main/data/processor-trends.csv#L55; https://github.com/cornell-brg/processor-trends,"Matched against the cleaned Cornell processor-trends source derived from and independently checked against the Stanford/Horowitz data. Copied from the Cornell normalized-performance field, which follows the Stanford cross-suite SPECint normalization method.",series-cores-point-041; series-frequency-point-050; series-specint-point-043; series-transistors-point-052; series-watts-point-051
cornell-sun-ultrasparc-t1-niagara-2005-07-01,UltraSparc T1 (Niagara),Sun,CPU,2005,07,0.3,,,unresolved_no_spec_cpu_result,unresolved,1.2,72,8,physical cores,high,original_author_dataset,https://github.com/cornell-brg/processor-trends/blob/main/data/processor-trends.csv#L56; https://github.com/cornell-brg/processor-trends; https://www.oracle.com/docs/tech/2008-oct-opensparc-slide-cast-04-ds.pdf; https://www.oracle.com/servers/technologies/opensparc-t1-page.html; https://www.spec.org/cpu2006/,Matched against the cleaned Cornell processor-trends source derived from and independently checked against the Stanford/Horowitz data. No published SPEC CPU integer speed or rate result was found for the 1.2 GHz UltraSPARC T1. Other integer and web-server benchmarks are not convertible to SPECint.,series-cores-point-042; series-frequency-point-051; series-transistors-point-053; series-watts-point-052
cornell-amd-turion-64-x2-mt-40-lancaster-2005-08-01,Turion 64 X2 MT-40 (Lancaster),AMD,CPU,2005,08,0.114,,,unresolved_identity_conflict,unresolved,2.2,25,2,physical cores,high,original_author_dataset,https://github.com/cornell-brg/processor-trends/blob/main/data/processor-trends.csv#L57; https://github.com/cornell-brg/processor-trends; https://www.spec.org/cpu2006/results/res2007q3/cpu2006-20070723-01527.pdf; https://pc.watch.impress.co.jp/docs/article/modelno/amdold.htm,"Matched against the cleaned Cornell processor-trends source derived from and independently checked against the Stanford/Horowitz data. The source record conflicts internally: MT-40 Lancaster is a 2.2 GHz single-core part, while the row says two cores. A nearby TL-60 result cannot safely be assigned to this ambiguous identity.",series-cores-point-043; series-frequency-point-052; series-transistors-point-054; series-watts-point-053
cornell-amd-athlon-64-5000-brisbane-2006-06-01,Athlon 64 5000+ (Brisbane),AMD,CPU,2006,06,0.154,10.4,Stanford/Cornell normalized SPECint2006-equivalent performance,source_reported_normalized,high,2.6,65,2,physical cores,high,original_author_dataset,https://github.com/cornell-brg/processor-trends/blob/main/data/processor-trends.csv#L58; https://github.com/cornell-brg/processor-trends,"Matched against the cleaned Cornell processor-trends source derived from and independently checked against the Stanford/Horowitz data. Copied from the Cornell normalized-performance field, which follows the Stanford cross-suite SPECint normalization method.",series-frequency-point-054; series-specint-point-044; series-transistors-point-056
cornell-intel-pentium-d-950-2006-06-01,Pentium D (950),Intel,CPU,2006,06,0.376,11.6096,Stanford/Cornell normalized SPECint2006-equivalent performance,source_reported_normalized,high,3.6,130,2,physical cores,high,original_author_dataset,https://github.com/cornell-brg/processor-trends/blob/main/data/processor-trends.csv#L59; https://github.com/cornell-brg/processor-trends,"Matched against the cleaned Cornell processor-trends source derived from and independently checked against the Stanford/Horowitz data. Copied from the Cornell normalized-performance field, which follows the Stanford cross-suite SPECint normalization method.",series-frequency-point-053; series-transistors-point-055; series-watts-point-054
cornell-amd-athlon-64-fx-62-windsor-2006-07-01,Athlon 64 FX-62 (Windsor),AMD,CPU,2006,07,0.243,11.4,Stanford/Cornell normalized SPECint2006-equivalent performance,source_reported_normalized,high,2.8,125,2,physical cores,high,original_author_dataset,https://github.com/cornell-brg/processor-trends/blob/main/data/processor-trends.csv#L60; https://github.com/cornell-brg/processor-trends,"Matched against the cleaned Cornell processor-trends source derived from and independently checked against the Stanford/Horowitz data. Copied from the Cornell normalized-performance field, which follows the Stanford cross-suite SPECint normalization method.",series-specint-point-045; series-transistors-point-057; series-watts-point-056
cornell-intel-core-2-duo-e6700-2006-07-01,Core 2 Duo (E6700),Intel,CPU,2006,07,0.582,19.8,Stanford/Cornell normalized SPECint2006-equivalent performance,source_reported_normalized,high,2.66,65,2,physical cores,high,original_author_dataset,https://github.com/cornell-brg/processor-trends/blob/main/data/processor-trends.csv#L62; https://github.com/cornell-brg/processor-trends,"Matched against the cleaned Cornell processor-trends source derived from and independently checked against the Stanford/Horowitz data. Copied from the Cornell normalized-performance field, which follows the Stanford cross-suite SPECint normalization method.",series-specint-point-046; series-transistors-point-059
cornell-intel-core-2-ex-x6800-2006-07-01,Core 2 Ex (X6800),Intel,CPU,2006,07,0.291,21,Stanford/Cornell normalized SPECint2006-equivalent performance,source_reported_normalized,high,2.8,75,2,physical cores,high,original_author_dataset,https://github.com/cornell-brg/processor-trends/blob/main/data/processor-trends.csv#L61; https://github.com/cornell-brg/processor-trends,"Matched against the cleaned Cornell processor-trends source derived from and independently checked against the Stanford/Horowitz data. Copied from the Cornell normalized-performance field, which follows the Stanford cross-suite SPECint normalization method.",series-transistors-point-058; series-watts-point-057
cornell-intel-core-duo-t2700-2006-08-01,Core Duo (T2700),Intel,CPU,2006,08,0.152,13.1,Stanford/Cornell normalized SPECint2006-equivalent performance,source_reported_normalized,high,2.33,31,2,physical cores,high,original_author_dataset,https://github.com/cornell-brg/processor-trends/blob/main/data/processor-trends.csv#L63; https://github.com/cornell-brg/processor-trends,"Matched against the cleaned Cornell processor-trends source derived from and independently checked against the Stanford/Horowitz data. Copied from the Cornell normalized-performance field, which follows the Stanford cross-suite SPECint normalization method.",series-cores-point-045; series-frequency-point-056; series-specint-point-047; series-transistors-point-060; series-watts-point-058
cornell-intel-core-2-ex-qx6800-2007-04-01,Core 2 Ex (QX6800),Intel,CPU,2007,04,0.582,22.1,Stanford/Cornell normalized SPECint2006-equivalent performance,source_reported_normalized,high,2.93,130,4,physical cores,high,original_author_dataset,https://github.com/cornell-brg/processor-trends/blob/main/data/processor-trends.csv#L64; https://github.com/cornell-brg/processor-trends; https://www.intel.com/pressroom/archive/releases/2007/20070409comp.htm; https://www.intel.com/pressroom/kits/quickreffam.htm,"Matched against the cleaned Cornell processor-trends source derived from and independently checked against the Stanford/Horowitz data. Copied from the Cornell normalized-performance field, which follows the Stanford cross-suite SPECint normalization method.",series-cores-point-046; series-frequency-point-057; series-transistors-point-061; series-watts-point-059
cornell-ibm-cell-2007-05-05,Cell,IBM,CPU,2007,05,0.234,,,not_applicable_heterogeneous,unresolved,4,100,9,physical cores,high,original_author_dataset,https://github.com/cornell-brg/processor-trends/blob/main/data/processor-trends.csv#L65; https://github.com/cornell-brg/processor-trends; https://www.spec.org/cpu2006/,"Matched against the cleaned Cornell processor-trends source derived from and independently checked against the Stanford/Horowitz data. Cell combines one control-oriented PPE with eight specialized SPEs. No official SPECint result for this heterogeneous configuration was found, and its floating-point throughput is not convertible to SPECint.",series-cores-point-047; series-frequency-point-059; series-transistors-point-062
cornell-ibm-power6-2007-05-01,Power6,IBM,CPU,2007,05,0.79,17.8,Stanford/Cornell normalized SPECint2006-equivalent performance,source_reported_normalized,high,4.7,100,2,physical cores,high,original_author_dataset,https://github.com/cornell-brg/processor-trends/blob/main/data/processor-trends.csv#L66; https://github.com/cornell-brg/processor-trends; https://research.ibm.com/publications/ibm-power6-microprocessor-physical-design-and-design-methodology; https://public.dhe.ibm.com/solutions/DFO_IBM_Presentation/DFO-IBM-Power6.pdf,"Matched against the cleaned Cornell processor-trends source derived from and independently checked against the Stanford/Horowitz data. Copied from the Cornell normalized-performance field, which follows the Stanford cross-suite SPECint normalization method.",series-cores-point-048; series-frequency-point-058; series-specint-point-048; series-transistors-point-063; series-watts-point-060
cornell-amd-turion-64-x2-tl-60-tyler-2007-06-01,Turion 64 X2 TL-60 (Tyler),AMD,CPU,2007,06,0.114,7.7,Stanford/Cornell normalized SPECint2006-equivalent performance,source_reported_normalized,high,2,31,2,physical cores,high,original_author_dataset,https://github.com/cornell-brg/processor-trends/blob/main/data/processor-trends.csv#L67; https://github.com/cornell-brg/processor-trends,"Matched against the cleaned Cornell processor-trends source derived from and independently checked against the Stanford/Horowitz data. Copied from the Cornell normalized-performance field, which follows the Stanford cross-suite SPECint normalization method.",series-cores-point-049; series-frequency-point-060; series-specint-point-049; series-transistors-point-064; series-watts-point-061
cornell-sun-ultrasparc-t2-niagara-2-2007-07-01,UltraSparc T2 (Niagara 2),Sun,CPU,2007,07,0.503,9.8,SPECint_rate2006 peak divided by physical cores,inferred_from_rate_per_core,medium,1.4,84,8,physical cores,high,original_author_dataset,https://github.com/cornell-brg/processor-trends/blob/main/data/processor-trends.csv#L68; https://github.com/cornell-brg/processor-trends; https://www.oracle.com/docs/tech/systems/02-t2-a-sscc2007.pdf; https://www.oracle.com/servers/technologies/opensparc-t2-page.html; https://www.spec.org/cpu2006/results/res2007q4/cpu2006-20071009-02247.html,"Matched against the cleaned Cornell processor-trends source derived from and independently checked against the Stanford/Horowitz data. Estimated as 78.5 / 8 physical cores = 9.8125 for the matching 1.417 GHz UltraSPARC T2 system. This is a per-core throughput proxy, not a submitted SPECint2006 speed result.",series-cores-point-050; series-frequency-point-061; series-transistors-point-065; series-watts-point-062
cornell-amd-opteron-8350-2007-09-01,Opteron 8350,AMD,CPU,2007,09,0.463,11.2,Stanford/Cornell normalized SPECint2006-equivalent performance,source_reported_normalized,high,2,75,4,physical cores,high,original_author_dataset,https://github.com/cornell-brg/processor-trends/blob/main/data/processor-trends.csv#L70; https://github.com/cornell-brg/processor-trends,"Matched against the cleaned Cornell processor-trends source derived from and independently checked against the Stanford/Horowitz data. Copied from the Cornell normalized-performance field, which follows the Stanford cross-suite SPECint normalization method.",series-frequency-point-062; series-specint-point-050; series-transistors-point-066; series-watts-point-063
cornell-amd-phenom-9600-2007-09-01,Phenom 9600,AMD,CPU,2007,09,0.45,14.8,same-microarchitecture SPECint2006 speed proxy,inferred_from_same_architecture_and_frequency,medium,2.3,95,4,physical cores,high,original_author_dataset,https://github.com/cornell-brg/processor-trends/blob/main/data/processor-trends.csv#L69; https://github.com/cornell-brg/processor-trends; https://ir.amd.com/news-events/press-releases/detail/272/amd-introduces-worlds-first-comprehensive-cutting-edge-pc-platform; https://www.spec.org/cpu2006/results/res2008q2/cpu2006-20080317-03767.pdf,Matched against the cleaned Cornell processor-trends source derived from and independently checked against the Stanford/Horowitz data. No official Phenom 9600 submission was found. The value uses an official 2.3 GHz AMD Opteron 2356 result from the same K10/Barcelona generation as a system-level proxy.,series-frequency-point-063; series-watts-point-064
cornell-intel-core-2-duo-e8400-2008-01-01,Core 2 Duo (E8400),Intel,CPU,2008,01,0.41,23.5,Stanford/Cornell normalized SPECint2006-equivalent performance,source_reported_normalized,high,3,65,2,physical cores,high,original_author_dataset,https://github.com/cornell-brg/processor-trends/blob/main/data/processor-trends.csv#L71; https://github.com/cornell-brg/processor-trends; https://www.intel.com/pressroom/kits/quickreffam.htm; https://www.intel.com/content/www/us/en/content-details/841070/intel-core-2-duo-processor-e8000-and-e7000-series-and-intel-pentium-dual-core-processor-e5000-series-thermal-and-mechanical-design-guidelines.html,"Matched against the cleaned Cornell processor-trends source derived from and independently checked against the Stanford/Horowitz data. Copied from the Cornell normalized-performance field, which follows the Stanford cross-suite SPECint normalization method.",series-cores-point-052; series-frequency-point-064; series-transistors-point-067; series-watts-point-065
cornell-amd-phenom-x3-8850-2008-10-01,Phenom X3 8850,AMD,CPU,2008,10,0.45,15.2,same-microarchitecture SPECint2006 speed proxy,inferred_from_same_architecture_and_frequency,medium,2.5,95,3,physical cores,high,original_author_dataset,https://github.com/cornell-brg/processor-trends/blob/main/data/processor-trends.csv#L72; https://github.com/cornell-brg/processor-trends; https://www.spec.org/cpu2006/results/res2008q2/cpu2006-20080519-04352.pdf,Matched against the cleaned Cornell processor-trends source derived from and independently checked against the Stanford/Horowitz data. No official Phenom X3 8850 submission was found. The value uses an official 2.5 GHz AMD Opteron 2360 SE result from the same K10 generation as a system-level proxy.,series-cores-point-053; series-frequency-point-065; series-transistors-point-068; series-watts-point-066
cornell-intel-core-i7-965-2008-11-01,Core i7-965,Intel,CPU,2008,11,0.781,33.6,Stanford/Cornell normalized SPECint2006-equivalent performance,source_reported_normalized,high,3.2,130,4,physical cores,high,original_author_dataset,https://github.com/cornell-brg/processor-trends/blob/main/data/processor-trends.csv#L73; https://github.com/cornell-brg/processor-trends; https://www.intel.com/pressroom/archive/releases/2008/20081117comp_sm.htm; https://www.intel.com/pressroom/kits/quickreffam.htm,"Matched against the cleaned Cornell processor-trends source derived from and independently checked against the Stanford/Horowitz data. Copied from the Cornell normalized-performance field, which follows the Stanford cross-suite SPECint normalization method.",series-cores-point-054; series-frequency-point-066; series-transistors-point-069; series-watts-point-067
inline-xeon-w5580-2009-03,Xeon W5580,Intel,CPU,2009,03,,36.7,SPECint2006,source_reported,direct,,,,logical threads,direct,inline_name_plus_official_benchmark,https://github.com/karlrupp/microprocessor-trend-data/blob/master/50yrs/specint.dat#L52; https://www.spec.org/cpu2006/results/res2009q2/cpu2006-20090330-06862.pdf,Processor identity is embedded in specint.dat and checked against an official SPEC result.,series-specint-point-051
cornell-intel-dunnington-x7460-2009-04-01,Dunnington (X7460),Intel,CPU,2009,04,1.9,25,SPECint2006 peak,source_reported,direct,2.66,130,6,physical cores,high,original_author_dataset,https://github.com/cornell-brg/processor-trends/blob/main/data/processor-trends.csv#L76; https://github.com/cornell-brg/processor-trends; https://www.intel.com/pressroom/kits/quickreffam.htm; https://www.intel.com/pressroom/archive/releases/2008/20080819comp.htm; https://www.spec.org/cpu2006/results/res2008q4/cpu2006-20080915-05342.pdf,Matched against the cleaned Cornell processor-trends source derived from and independently checked against the Stanford/Horowitz data. Official SPEC CPU2006 integer speed result for the exact Intel Xeon X7460 at 2.66 GHz.,series-cores-point-058; series-frequency-point-067; series-transistors-point-071
cornell-intel-gainestown-w5580-2009-04-01,Gainestown (W5580),Intel,CPU,2009,04,2.3,36.7,SPECint2006 peak,source_reported,direct,3.2,130,8,physical cores,high,original_author_dataset,https://github.com/cornell-brg/processor-trends/blob/main/data/processor-trends.csv#L77; https://github.com/cornell-brg/processor-trends; https://www.intel.com/content/dam/www/public/us/en/documents/datasheets/xeon-5500-vol-1-datasheet.pdf; https://www.spec.org/cpu2006/results/res2009q2/cpu2006-20090330-06862.pdf,Matched against the cleaned Cornell processor-trends source derived from and independently checked against the Stanford/Horowitz data. Official SPEC CPU2006 integer speed result for the exact Intel Xeon W5580 at 3.20 GHz.,series-cores-point-057; series-frequency-point-069; series-transistors-point-070
inline-opteron-2435-2009-06,Opteron 2435,AMD,CPU,2009,06,,21.1,SPECint2006,source_reported,direct,,,,logical threads,direct,inline_name_plus_official_benchmark,https://github.com/karlrupp/microprocessor-trend-data/blob/master/50yrs/specint.dat#L53; https://www.spec.org/cpu2006/results/res2009q2/cpu2006-20090608-07830.html,Processor identity is embedded in specint.dat and checked against an official SPEC result.,series-specint-point-052
inline-xeon-w5590-2009-08,Xeon W5590,Intel,CPU,2009,08,,37.7,SPECint2006,source_reported,direct,,,,logical threads,direct,inline_name_plus_official_benchmark,https://github.com/karlrupp/microprocessor-trend-data/blob/master/50yrs/specint.dat#L54; https://www.spec.org/cpu2006/results/res2009q4/cpu2006-20090924-08646.pdf,Processor identity is embedded in specint.dat and checked against an official SPEC result.,series-specint-point-053
cornell-intel-i7-860-2009-09-01,i7-860,Intel,CPU,2009,09,0.774,37.9,Stanford/Cornell normalized SPECint2006-equivalent performance,source_reported_normalized,high,2.8,95,4,physical cores,high,original_author_dataset,https://github.com/cornell-brg/processor-trends/blob/main/data/processor-trends.csv#L80; https://github.com/cornell-brg/processor-trends,"Matched against the cleaned Cornell processor-trends source derived from and independently checked against the Stanford/Horowitz data. Copied from the Cornell normalized-performance field, which follows the Stanford cross-suite SPECint normalization method.",series-frequency-point-068
cornell-sun-rock-2009-09-01,Rock,Sun,CPU,2009,09,0.41,,,unresolved_cancelled_processor,unresolved,2.3,,16,physical cores,high,original_author_dataset,https://github.com/cornell-brg/processor-trends/blob/main/data/processor-trends.csv#L79; https://github.com/cornell-brg/processor-trends,Matched against the cleaned Cornell processor-trends source derived from and independently checked against the Stanford/Horowitz data. Rock was cancelled before commercial release. No validated production-system SPECint result exists for a defensible assignment.,series-cores-point-059; series-frequency-point-070; series-transistors-point-072
inline-xeon-x5680-2010-03,Xeon X5680,Intel,CPU,2010,03,,42,SPECint2006,source_reported,direct,,,,logical threads,direct,inline_name_plus_official_benchmark,https://github.com/karlrupp/microprocessor-trend-data/blob/master/50yrs/specint.dat#L55; https://www.spec.org/cpu2006/results/res2010q3/cpu2006-20100705-12175.pdf,Processor identity is embedded in specint.dat and checked against an official SPEC result.,series-specint-point-054
inline-opteron-4184-2010-11,Opteron 4184,AMD,CPU,2010,11,,25.8,SPECint2006,source_reported,direct,,,,logical threads,direct,inline_name_plus_official_benchmark,https://github.com/karlrupp/microprocessor-trend-data/blob/master/50yrs/specint.dat#L56; https://www.spec.org/cpu2006/results/res2011q1/cpu2006-20110110-14087.pdf,Processor identity is embedded in specint.dat and checked against an official SPEC result.,series-specint-point-055
newdata-xeon-x5690-2011-02,Xeon X5690,Intel,CPU,2011,02,1.17,46.7,SPECint2006,source_reported,direct,3.47,130,12,logical threads (SMT counted separately),direct,repository_source,https://github.com/karlrupp/microprocessor-trend-data/blob/master/newdata.txt#L12; https://www.spec.org/cpu2006/results/; http://www.anandtech.com/show/5553/the-xeon-e52600-dual-sandybridge-for-servers/2,http://www.anandtech.com/show/5553/the-xeon-e52600-dual-sandybridge-for-servers/2,series-cores-point-060; series-frequency-point-071; series-specint-point-056; series-transistors-point-074; series-watts-point-072
newdata-xeon-e7-8870-2011-04,Xeon E7-8870,Intel,CPU,2011,04,2.6,39.4,SPECint2006,source_reported,direct,2.4,130,20,logical threads (SMT counted separately),direct,repository_source,https://github.com/karlrupp/microprocessor-trend-data/blob/master/newdata.txt#L13; https://www.spec.org/cpu2006/results/,,series-cores-point-061; series-frequency-point-072; series-specint-point-057; series-transistors-point-075; series-watts-point-073
newdata-opteron-4284-2011-11,Opteron 4284,AMD,CPU,2011,11,1.2,33.6,SPECint2006,source_reported,direct,3,95,8,logical threads (SMT counted separately),direct,repository_source,https://github.com/karlrupp/microprocessor-trend-data/blob/master/newdata.txt#L14; https://www.spec.org/cpu2006/results/,,series-cores-point-062; series-frequency-point-073; series-specint-point-058; series-transistors-point-076; series-watts-point-074
newdata-opteron-6284se-2012-05,Opteron 6284SE,AMD,CPU,2012,05,2.4,31.8,SPECint2006,source_reported,direct,3.1,140,16,logical threads (SMT counted separately),direct,repository_source,https://github.com/karlrupp/microprocessor-trend-data/blob/master/newdata.txt#L15; https://www.spec.org/cpu2006/results/,,series-cores-point-063; series-frequency-point-074; series-specint-point-059; series-transistors-point-077; series-watts-point-075
newdata-xeon-e5-2690-2012-05,Xeon E5-2690,Intel,CPU,2012,05,2.3,59,SPECint2006,source_reported,direct,2.9,130,16,logical threads (SMT counted separately),direct,repository_source,https://github.com/karlrupp/microprocessor-trend-data/blob/master/newdata.txt#L16; https://www.spec.org/cpu2006/results/; http://www.anandtech.com/show/5553/the-xeon-e52600-dual-sandybridge-for-servers/2,http://www.anandtech.com/show/5553/the-xeon-e52600-dual-sandybridge-for-servers/2,series-cores-point-064; series-frequency-point-075; series-specint-point-060; series-transistors-point-078; series-watts-point-076
newdata-power7-780-2012-08,Power7+ 780,IBM,CPU,2012,08,2.1,32.3,SPECint_rate2006 peak divided by physical cores,inferred_from_rate_per_core,medium,3.7,200,32,logical threads (SMT counted separately),direct,repository_source,https://github.com/karlrupp/microprocessor-trend-data/blob/master/newdata.txt#L17; http://arstechnica.com/civis/viewtopic.php?f=8&t=40992; https://spec.org/cpu2006/results/res2012q4/cpu2006-20121002-24655.pdf,"TDP: http://arstechnica.com/civis/viewtopic.php?f=8&t=40992 Estimated as 4140 / 128 physical cores = 32.34375. This is a per-core throughput proxy, not a submitted SPECint2006 speed result.",series-cores-point-065; series-frequency-point-076; series-transistors-point-079; series-watts-point-077
newdata-opteron-6380-2012-11,Opteron 6380,AMD,CPU,2012,11,1.2,33.7,SPECint2006,source_reported,direct,2.5,115,16,logical threads (SMT counted separately),direct,repository_source,https://github.com/karlrupp/microprocessor-trend-data/blob/master/newdata.txt#L18; https://www.spec.org/cpu2006/results/,,series-cores-point-066; series-frequency-point-077; series-specint-point-061; series-transistors-point-080; series-watts-point-078
newdata-xeon-phi-2013-05,Xeon Phi,Intel,many-core accelerator,2013,05,5,,,unresolved,unresolved,1.2,300,240,logical threads (SMT counted separately),direct,repository_source,https://github.com/karlrupp/microprocessor-trend-data/blob/master/newdata.txt#L19,"The repository names only the Xeon Phi family, not a unique model. No defensible single-thread SPECint value was assigned.",series-cores-point-067; series-frequency-point-078; series-transistors-point-081; series-watts-point-079
newdata-xeon-e5-2697v2-2013-09,Xeon E5-2697v2,Intel,CPU,2013,09,4.3,59.6,SPECint2006,source_reported,direct,2.7,130,24,logical threads (SMT counted separately),direct,repository_source,https://github.com/karlrupp/microprocessor-trend-data/blob/master/newdata.txt#L20; https://www.spec.org/cpu2006/results/; http://wccftech.com/intel-announces-ivy-bridge-ep-xeon/,http://wccftech.com/intel-announces-ivy-bridge-ep-xeon/,series-cores-point-068; series-frequency-point-079; series-specint-point-062; series-transistors-point-082; series-watts-point-080
newdata-xeon-e7-4890v2-2014-02,Xeon E7-4890v2,Intel,CPU,2014,02,4.3,59.9,SPECint2006,source_reported,direct,2.8,155,30,logical threads (SMT counted separately),direct,repository_source,https://github.com/karlrupp/microprocessor-trend-data/blob/master/newdata.txt#L21; https://www.spec.org/cpu2006/results/,,series-cores-point-069; series-frequency-point-080; series-specint-point-063; series-transistors-point-083; series-watts-point-081
newdata-power8-s814-2014-06,Power8 S814,IBM,CPU,2014,06,4.2,65.3,SPECint_rate2006 peak divided by physical cores,inferred_from_rate_per_core,medium,3.7,200,64,logical threads (SMT counted separately),direct,repository_source,https://github.com/karlrupp/microprocessor-trend-data/blob/master/newdata.txt#L22; https://www.spec.org/cpu2006/results/res2015q2/cpu2006-20150513-36365.pdf,"TDP taken from Power7+ Estimated as 261 / 4 physical cores = 65.25. This is a per-core throughput proxy from the matching S814 system, not a submitted SPECint2006 speed result.",series-cores-point-070; series-frequency-point-081; series-transistors-point-084; series-watts-point-082
newdata-xeon-e5-2667v3-2014-09,Xeon E5-2667v3,Intel,CPU,2014,09,2.6,66.4,SPECint2006,source_reported,direct,3.2,135,16,logical threads (SMT counted separately),direct,repository_source,https://github.com/karlrupp/microprocessor-trend-data/blob/master/newdata.txt#L23; https://www.spec.org/cpu2006/results/,,series-cores-point-071; series-frequency-point-082; series-specint-point-064; series-transistors-point-085; series-watts-point-083
newdata-xeon-e5-2690v3-2014-09,Xeon E5-2690v3,Intel,CPU,2014,09,3.8,65.4,SPECint2006,source_reported,direct,2.6,135,24,logical threads (SMT counted separately),direct,repository_source,https://github.com/karlrupp/microprocessor-trend-data/blob/master/newdata.txt#L24; https://www.spec.org/cpu2006/results/,,series-cores-point-072; series-frequency-point-083; series-specint-point-065; series-transistors-point-086; series-watts-point-084
newdata-xeon-e5-2699v3-2014-09,Xeon E5-2699v3,Intel,CPU,2014,09,5.7,66.1,SPECint2006,source_reported,direct,2.3,145,36,logical threads (SMT counted separately),direct,repository_source,https://github.com/karlrupp/microprocessor-trend-data/blob/master/newdata.txt#L25; https://www.spec.org/cpu2006/results/; https://www.intel.com/content/www/us/en/products/sku/81061/intel-xeon-processor-e52699-v3-45m-cache-2-30-ghz/specifications.html,,series-cores-point-073; series-frequency-point-084; series-specint-point-066; series-transistors-point-087; series-watts-point-085
newdata-xeon-e5-2699v4-2016-04,Xeon E5-2699v4,Intel,CPU,2016,04,7.2,73.9,SPECint2006,source_reported,direct,2.2,145,44,logical threads (SMT counted separately),direct,repository_source,https://github.com/karlrupp/microprocessor-trend-data/blob/master/newdata.txt#L26; https://www.spec.org/cpu2006/results/,,series-cores-point-074; series-frequency-point-085; series-specint-point-067; series-transistors-point-088; series-watts-point-086
newdata-xeon-phi-7290-2016-06,Xeon Phi 7290,Intel,many-core accelerator,2016,06,,16.9,SPECint_rate2006 peak divided by physical cores,inferred_from_rate_per_core,medium,1.5,245,272,logical threads (SMT counted separately),direct,repository_source,https://github.com/karlrupp/microprocessor-trend-data/blob/master/newdata.txt#L27; https://www.spec.org/cpu2006/results/res2017q1/cpu2006-20170220-46664.pdf,Estimated as 1220 / 72 physical cores = 16.944. This is a per-core throughput proxy and is sensitive to the four hardware threads used per core.,series-cores-point-075; series-frequency-point-086; series-watts-point-087
newdata-power8-2016-08,Power8,IBM,CPU,2016,08,8,75,SPECint_rate2006 peak divided by physical cores,inferred_from_rate_per_core,medium,4,,96,logical threads (SMT counted separately),direct,repository_source,https://github.com/karlrupp/microprocessor-trend-data/blob/master/newdata.txt#L28; https://spec.org/cpu2006/results/res2015q2/cpu2006-20150427-35966.html,"Freq. approximate, TDP unknown The generic 4.0 GHz POWER8 entry is matched to the 4.0 GHz Power E880 result and estimated as 14400 / 192 physical cores = 75.0.",series-cores-point-076; series-frequency-point-087; series-transistors-point-089
newdata-epyc-7601-2017-06,Epyc 7601,AMD,CPU,2017,06,19.2,66,SPECspeed2017_int peak multiplied by 9,suite_converted,high,2.2,180,64,logical threads (SMT counted separately),direct,repository_source,https://github.com/karlrupp/microprocessor-trend-data/blob/master/newdata.txt#L29; https://spec.org/cpu2017/results/res2018q4/cpu2017-20181126-09823.html,Converted from the official SPECspeed2017_int peak score using the repository's documented 9.0 cross-suite factor: 7.33 x 9 = 65.97.,series-cores-point-077; series-frequency-point-088; series-transistors-point-090; series-watts-point-088
newdata-xeon-gold-6152-2017-07,Xeon Gold 6152,Intel,CPU,2017,07,,77.9,SPECspeed2017_int multiplied by 9,suite_converted,high,2.1,140,44,logical threads (SMT counted separately),direct,repository_source,https://github.com/karlrupp/microprocessor-trend-data/blob/master/newdata.txt#L30; https://www.spec.org/cpu2017/results/,The repository converts SPEC CPU2017 integer speed to its SPECint2006-equivalent scale with a factor of 9.0.,series-cores-point-078; series-frequency-point-089; series-specint-point-068; series-watts-point-089
newdata-xeon-pl-8180-2017-07,Xeon Pl. 8180,Intel,CPU,2017,07,,83.6,SPECspeed2017_int multiplied by 9,suite_converted,high,2.5,205,56,logical threads (SMT counted separately),direct,repository_source,https://github.com/karlrupp/microprocessor-trend-data/blob/master/newdata.txt#L31; https://www.spec.org/cpu2017/results/,SpecInt 2017: 9.31 The repository converts SPEC CPU2017 integer speed to its SPECint2006-equivalent scale with a factor of 9.0.,series-cores-point-079; series-frequency-point-090; series-specint-point-069; series-watts-point-090
newdata-power9-ac922-2018-04,Power9 AC922,IBM,CPU,2018,04,8,103.9,POWER9 SPECrate2017_int peak per physical core multiplied by 9,inferred_from_rate_per_core_and_suite_conversion,medium,3.4,190,88,logical threads (SMT counted separately),direct,repository_source,https://github.com/karlrupp/microprocessor-trend-data/blob/master/newdata.txt#L32; https://spec.org/cpu2017/results/res2018q2/cpu2017-20180318-04004.html,TDP taken from comparable Power9 processors No AC922 integer speed submission was found. Estimated from the same-frequency POWER9 S924 result: (277 / 24 physical cores) x 9 = 103.875.,series-cores-point-080; series-frequency-point-091; series-transistors-point-091; series-watts-point-091
newdata-quadro-gv100-2018-05,Quadro GV100,NVIDIA,GPU,2018,05,21.1,,,not_applicable_gpu,unresolved,1.2,250,80,SMs,direct,repository_source,https://github.com/karlrupp/microprocessor-trend-data/blob/master/newdata.txt#L33,GPU; 80 SMs Not applicable: GPU floating-point throughput cannot be converted into a CPU SPECint single-thread score.,series-cores-point-081; series-frequency-point-092; series-transistors-point-092; series-watts-point-092
newdata-xeon-pl-8280-2019-03,Xeon Pl. 8280,Intel,CPU,2019,03,8,90.9,SPECspeed2017_int multiplied by 9,suite_converted,high,2.7,205,56,logical threads (SMT counted separately),direct,repository_source,https://github.com/karlrupp/microprocessor-trend-data/blob/master/newdata.txt#L34; https://www.spec.org/cpu2017/results/,SpecInt 2017: 10.1 The repository converts SPEC CPU2017 integer speed to its SPECint2006-equivalent scale with a factor of 9.0.,series-cores-point-082; series-frequency-point-093; series-specint-point-070; series-transistors-point-093; series-watts-point-093
newdata-epyc-7742-2019-08,Epyc 7742,AMD,CPU,2019,08,39.5,78.3,SPECspeed2017_int multiplied by 9,suite_converted,high,2.25,225,128,logical threads (SMT counted separately),direct,repository_source,https://github.com/karlrupp/microprocessor-trend-data/blob/master/newdata.txt#L35; https://www.spec.org/cpu2017/results/,SpecInt 2017: 8.7 The repository converts SPEC CPU2017 integer speed to its SPECint2006-equivalent scale with a factor of 9.0.,series-cores-point-083; series-frequency-point-094; series-specint-point-071; series-transistors-point-094; series-watts-point-094
newdata-ryzen-3990x-2020-01,Ryzen 3990X,AMD,CPU,2020,01,30.4,99,SPECspeed2017_int multiplied by 9,suite_converted,high,2.9,280,128,logical threads (SMT counted separately),direct,repository_source,https://github.com/karlrupp/microprocessor-trend-data/blob/master/newdata.txt#L36; https://www.spec.org/cpu2017/results/,SpecInt 2017: 11.0 The repository converts SPEC CPU2017 integer speed to its SPECint2006-equivalent scale with a factor of 9.0.,series-cores-point-084; series-frequency-point-095; series-specint-point-072; series-transistors-point-095; series-watts-point-095
newdata-xeon-gold-6258-2020-02,Xeon Gold 6258,Intel,CPU,2020,02,,97.2,SPECspeed2017_int multiplied by 9,suite_converted,high,2.7,205,56,logical threads (SMT counted separately),direct,repository_source,https://github.com/karlrupp/microprocessor-trend-data/blob/master/newdata.txt#L37; https://www.spec.org/cpu2017/results/,SpecInt 2017: 10.8 The repository converts SPEC CPU2017 integer speed to its SPECint2006-equivalent scale with a factor of 9.0.,series-cores-point-085; series-frequency-point-096; series-specint-point-073; series-watts-point-096
newdata-m1-2020-09,M1,Apple,CPU,2020,09,16,59.9,estimated SPECint2017 speed multiplied by 9,suite_converted_external_estimate,medium,3.2,28,8,logical threads (SMT counted separately),direct,repository_source,https://github.com/karlrupp/microprocessor-trend-data/blob/master/newdata.txt#L38; https://www.anandtech.com/show/16252/mac-mini-apple-m1-tested/4,Converted from AnandTech's estimated SPECint2017 single-thread score using the repository's 9.0 factor: 6.66 x 9 = 59.94. This was not an official SPEC submission.,series-cores-point-086; series-frequency-point-097; series-transistors-point-096; series-watts-point-097
newdata-xeon-pl-8380-2021-03,Xeon Pl. 8380,Intel,CPU,2021,03,,105.3,SPECspeed2017_int multiplied by 9,suite_converted,high,2.3,290,80,logical threads (SMT counted separately),direct,repository_source,https://github.com/karlrupp/microprocessor-trend-data/blob/master/newdata.txt#L39; https://www.spec.org/cpu2017/results/,SpecInt 2017: 11.7 The repository converts SPEC CPU2017 integer speed to its SPECint2006-equivalent scale with a factor of 9.0.,series-cores-point-087; series-frequency-point-098; series-specint-point-074; series-watts-point-098
newdata-m1-max-2021-08,M1 Max,Apple,CPU,2021,08,57,59.9,M1 SPECint2017 single-thread proxy multiplied by 9,inferred_from_same_core_proxy,medium,3.2,30,10,logical threads (SMT counted separately),direct,repository_source,https://github.com/karlrupp/microprocessor-trend-data/blob/master/newdata.txt#L40; https://www.anandtech.com/show/16252/mac-mini-apple-m1-tested/4; https://www.anandtech.com/show/17024/apple-m1-max-performance-review/4,"AnandTech found M1 Max single-thread performance changed little from M1 because both use 3.23 GHz Firestorm cores. The M1 converted value, 6.66 x 9 = 59.94, is used as a proxy.",series-cores-point-088; series-frequency-point-099; series-transistors-point-097; series-watts-point-099
newdata-graviton-3-2021-09,Graviton 3,Amazon,CPU,2021,09,55,,,unresolved,unresolved,2.6,100,64,logical threads (SMT counted separately),direct,repository_source,https://github.com/karlrupp/microprocessor-trend-data/blob/master/newdata.txt#L42; https://d1.awsstatic.com/events/reinvent/2021/New_Launch_Deep_dive_into_AWS_Graviton3_and_Amazon_EC2_C7g_instances_CMP332.pdf,"AWS publishes relative estimated SPECint2017 rate improvements, but no absolute single-thread score suitable for the chart's conversion was found.",series-cores-point-090; series-frequency-point-101; series-transistors-point-099; series-watts-point-101
newdata-radeon-mi250-2021-09,Radeon MI250,AMD,GPU,2021,09,58.2,,,not_applicable_gpu,unresolved,1,500,208,compute units,direct,repository_source,https://github.com/karlrupp/microprocessor-trend-data/blob/master/newdata.txt#L41,GPU; 208 compute units Not applicable: GPU floating-point throughput cannot be converted into a CPU SPECint single-thread score.,series-cores-point-089; series-frequency-point-100; series-transistors-point-098; series-watts-point-100
